,prediction
0,-0.6675048449266727
1,-0.8530080689747952
2,-1.9429910651791222
3,-1.5816841320657855
4,-0.41046769787960147
5,-0.7402512072984856
6,-0.8154224484160255
7,-0.25527545815306774
8,-0.13403152086671327
9,-0.3995557435238295
10,-0.5562029104977997
11,-0.9136300376179727
12,-0.9754644456340131
13,-0.11826980901948717
14,-0.26497497313597607
15,-0.12190712713807778
16,-0.012787583580358752
17,-0.34705711867883804
18,-0.42428950673024585
19,-0.09887077905367042
20,-0.318322305541972
21,-0.7244894954512595
22,0.12664294429894885
23,0.7397735351560435
24,-0.017879828946385564
25,-0.37409451669369514
26,-0.030367954486880157
27,0.25746515263092534
28,0.05753390004572681
29,-0.11063144097044678
30,0.613073620691803
31,-2.6316566289656156
32,0.33639495580434225
33,0.7983343568653527
34,0.7025516464091327
35,0.4818876805479675
36,-0.9739488964179337
37,-0.9739488964179337
38,-0.9739488964179337
39,-0.21890227696716127
40,0.2927471383812545
41,0.5449345279368718
42,0.46733840807360494
43,0.040559748825637156
44,0.82137070494976
45,0.9135160972873895
46,0.7146760401377681
47,0.2284878516194866
48,0.9765629446762938
49,1.106293957572693
50,0.3400322739229328
51,0.6528416321217274
52,0.2878973808898004
53,0.28183518402548263
54,0.6710282227146804
55,0.2915346990083909
56,0.7401372669679025
57,0.861381204254257
58,-1.6847414787591868
59,-2.9456784265372735
60,-2.4594902380189922
61,-2.5298117216450775
62,-1.2894862432056715
63,-2.3861376559607477
64,-2.147893319193061
65,-2.1612301522945603
66,-0.3941603883145868
67,-2.4376663293074485
68,-2.825646928623783
69,-2.37340704254568
70,-1.4677148310166126
71,-1.5671348595914232
72,-2.3861376559607477
73,-1.9757269282464378
74,-1.6374563432175087
75,-0.02491197730899422
76,0.13997977740044787
77,-2.0060379125680265
78,-0.9875888393626486
79,0.2721356690425743
80,-1.1051954585304125
81,-2.0775718355669754
82,-1.0518481261244166
83,-0.939091264448107
84,-0.034611492291902586
85,-1.2919111219513986
86,-1.604720480150193
87,-2.3649199669356356
88,-0.7220646167055325
89,-0.06007271912203702
90,-0.22132715571288847
91,-0.2080913592257948
92,-0.2080913592257948
93,-0.2080913592257948
94,-0.2080913592257948
95,-0.1437310358496216
96,0.2454620028395763
97,-0.07704687034212668
98,0.36428106138020366
99,0.4867374380394217
100,0.3994418031932465
101,-1.0724595954630969
102,-0.856645387093386
103,-0.22496447383147905
104,-0.6784167992824449
105,-0.425016970353964
106,-0.49533845398004944
107,-0.49776333272577666
108,-1.0748844742088242
109,-0.5111001658272755
110,0.6467794352574097
111,-0.47836430275995995
112,-0.7825653414114235
113,-0.5389862714031373
114,-1.0069878693284653
115,0.2527366390767575
116,-0.15161189177323475
117,-0.026124416681857665
118,-0.8942310076521559
119,-0.17767933828980087
120,-0.38621891042233064
121,-0.29286107871183753
122,1.1208432300470559
123,-0.7984482971959358
124,-0.15100567208680288
125,0.23939980597525862
126,0.6467794352574097
127,-0.8772568564320661
128,-0.017637341071812834
129,-0.5473521030758957
130,-1.534527588578805
131,-1.534527588578805
132,-1.534527588578805
133,-1.534527588578805
134,-1.534527588578805
135,-0.9842806119309782
136,-1.534527588578805
137,-0.9842806119309782
138,-0.8737407822507619
139,-0.5473521030758957
140,-1.534527588578805
141,-0.9842806119309782
142,-0.21890227696716127
143,-0.2322391100686603
144,-0.6141575125206769
145,0.29759689587270877
146,0.09633195997736022
147,-0.12433200588380487
148,-0.33893377488065224
149,0.29759689587270877
150,0.18968979168785316
151,0.4224781512776538
152,-0.5232245595559111
153,-0.14858079334107568
154,-0.1146324909008965
155,-2.115157456125745
156,-0.9536405369224696
157,-0.3765193954394222
158,-0.06613491598635467
159,-0.03703637103762962
160,0.5679708760212792
161,0.7074014039005868
162,0.560696239784098
163,0.741349706340766
164,0.6358674809016377
165,0.21030126102653346
166,0.4285403481419716
167,-1.961177655772075
168,-1.6119951163873745
169,-1.9575403376534846
170,-1.8047729766726779
171,-1.6513993960054396
172,-1.7441510080295008
173,-0.9439410219395611
174,-0.565659937606135
175,-0.8566453870933859
176,-1.4143674986106163
177,-0.6384062999779478
178,-0.4238045309811005
179,-0.23830130693297813
180,-0.7184272985869418
181,-1.0445734898872352
182,-0.3285067962740258
183,-0.23878628268212349
184,-0.20023071062506287
185,0.14119221677331148
186,-1.6798917212677327
187,-1.9332915501962136
188,-0.7511631616542573
189,-0.3862189104223306
190,-0.039946225532502135
191,0.02431306122926577
192,-1.1003457010389586
193,0.2006017460436251
194,0.34973178890584117
195,1.072345655132514
196,0.27819786590689205
197,0.8880548704572551
198,0.42126571190479034
199,1.1317551844028275
200,0.7825726450181266
201,0.9086663397959353
202,1.0068739289978823
203,1.2287503342319113
204,-0.5559604226232269
205,-0.7705621916200742
206,-0.03582393166476616
207,-0.30377303306760955
208,-0.11996722414149613
209,0.035709991334183025
210,-0.3074103511862002
211,0.547359406682599
212,0.032072673215592304
213,-0.30619791181333655
214,-0.38136915293087625
215,-1.1342940034791376
216,-0.7852327080317232
217,0.20545150353507938
218,0.34124471329579636
219,-0.2455759431701595
220,-0.5535355438774997
221,-0.49412601460718597
222,-1.1088327766490031
223,-0.47230210589564214
224,-0.7935985397044818
225,0.045409506317091446
226,0.22000077600944185
227,-0.4638150302855975
228,0.23091273036521376
229,-1.6083577982687838
230,-1.6083577982687838
231,-1.9866388826022097
232,-1.6677673275390976
233,-1.293123561324262
234,-1.6592802519290526
235,-0.8275468421446609
236,-1.4495282404236591
237,-0.9730395668882864
238,-4.193278541213861
239,-3.116632378111033
240,-3.3227470714978358
241,-2.522537085407896
242,-2.7092527488288822
243,-2.3988682693758148
244,-0.5445634925183097
245,-1.293123561324262
246,-0.5074628477086848
247,-2.573459539068166
248,-2.3988682693758148
249,-2.2206396815648737
250,-2.3042979982924585
251,-0.06128515849490059
252,0.6176808903086846
253,-2.785636429319286
254,-2.494650979832035
255,-2.1418311223287434
256,-2.358857770071318
257,-2.264287498987961
258,-2.3503706944612732
259,-2.0302867000252975
260,-1.2979733188157163
261,-0.0855339459521714
262,-1.7744619923510898
263,-2.116369895498609
264,-1.5356114358969708
265,0.30729641085561715
266,-2.341883618851228
267,-2.1709296672774685
268,-2.5928585690339823
269,-2.2545879840050533
270,-2.392806072511497
271,-1.9769393676193012
272,-1.4301292104578427
273,0.3194208045842526
274,-1.8556954303329467
275,-2.1418311223287434
276,-1.2676623344941274
277,-1.0421486111415081
278,0.42369059065051734
279,-0.6141575125206771
280,0.5958569815971407
281,-0.06492247661349124
282,-0.39106866791378464
283,-0.21284008010284364
284,-0.05279808288485571
285,-2.5601227059666662
286,-2.585583932796801
287,-2.1563803948031057
288,-0.19222861076416345
289,-2.460702677391856
290,-2.3164223920210936
291,-2.2945984833095503
292,-1.4749894672537935
293,-0.9730395668882861
294,-0.5014006508443671
295,0.06117121816431751
296,-1.879944217790218
297,0.2624361540596659
298,-1.3003981975614431
299,-1.335558939374486
300,-0.10008321842653406
301,-0.3105626935556455
302,0.21515101851798776
303,-0.3959184254052389
304,-2.663180052660068
305,-2.6255944321012983
306,0.23333760911094092
307,-1.125806927869093
308,-0.1388812783581673
309,0.22970029099235015
310,0.18726491294212622
311,-0.38258159230374
312,-1.7174773418265028
313,-1.2967608794428527
314,-1.5683472989642866
315,-1.5986582832858753
316,-0.41895477348964627
317,0.7195257976292223
318,-2.4885887829677173
319,-2.75290056625197
320,-2.16123015229456
321,-1.7635500379953175
322,-0.05158564351199223
323,0.32669544082143376
324,-2.3406711794783646
325,-1.6968658724878223
326,-1.6083577982687838
327,-0.9439410219395611
328,-1.6447309794546898
329,-1.7368763717923195
330,-1.7441510080295008
331,-1.8059854160455415
332,-1.2203771989524494
333,-0.2504257006616136
334,-0.2989232755761553
335,-0.7208521773326689
336,-0.19707836825561748
337,0.22485053350089612
338,0.253949078449621
339,-0.016667389573522068
340,-0.9245419919737444
341,-0.12918176337525916
342,0.001155469207572033
343,-0.8711946595677482
344,-0.331659138643471
345,-0.32559694177915327
346,-0.6080953156563592
347,0.09148220248590608
348,-0.26497497313597607
349,0.8359199774241226
350,-2.0884837899227477
351,-2.054535487482568
352,-1.6956534331149589
353,-1.593808525794421
354,-0.9851639606169217
355,0.7813602056452631
356,-1.1136825341404573
357,-1.1185322916319118
358,-0.7596502372643024
359,-0.5365613926574101
360,-0.18495397452698215
361,-1.642306100708963
362,0.30729641085561715
363,-0.2673998518817032
364,-0.037036371037629565
365,-0.6820541174010354
366,0.49983178326634803
367,0.7049765251548598
368,0.76317361505231
369,0.39459204570179224
370,-0.06007271912203703
371,0.36549350075306714
372,0.8395572955427132
373,-0.6153699518935404
374,-0.5234670474304837
375,-0.5886962856905424
376,-0.3765193954394222
377,-0.9036880347604914
378,-1.019112263057101
379,-0.47351454526850584
380,-0.4613901515398704
381,-0.8372463571275693
382,-0.6408311787236751
383,-0.691753632383944
384,-0.9875888393626486
385,-0.774199509738665
386,-0.49227098236670475
387,0.360643743261613
388,-1.0094127480741926
389,0.28426006277120974
390,-0.47351454526850584
391,-0.7305516923155775
392,-0.8469458721104774
393,-0.31468498742338136
394,-0.8627075839577035
395,0.33639495580434214
396,-1.2591752588840828
397,-1.0360864142771906
398,-0.0006631898517232993
399,-0.4856389389971413
400,0.18605247356926266
401,0.7777228875266724
402,-0.19707836825561753
403,-0.24557594317015938
404,0.09390708123163327
405,0.36549350075306714
406,0.7389248275950391
407,-1.7393012505380463
408,-1.2446259864097202
409,-1.4337665285764332
410,-1.8387212791128573
411,-1.4264918923392522
412,-0.917837202241809
413,-1.1490857638280727
414,-0.1437310358496216
415,-0.48685137837000486
416,-0.5086752870815486
417,-0.0758344309692631
418,-0.8566453870933858
419,0.6370799202745013
420,0.06480853628290818
421,-0.20192812574707175
422,-0.5692972557247258
423,-0.1243320058838048
424,-0.9293917494651984
425,0.08663244499445187
426,-0.28510146672551095
427,-0.3086227905590636
428,1.1026566394541024
429,-1.2191647595795858
430,-0.3595452442193325
431,0.2878973808898004
432,-1.4943884972196106
433,-0.9851639606169216
434,0.43339010563342567
435,-0.35590792610074184
436,-0.5777843313347706
437,1.0202107620993814
438,0.8670796693067158
439,0.10845635370599573
440,-1.1912786540037241
441,-1.0045629905827385
442,-0.4977633327257767
443,-0.8493707508562047
444,-0.5862714069448153
445,-0.0855339459521714
446,-0.7644999947557565
447,-0.425016970353964
448,-0.47836430275995995
449,-0.7063029048583063
450,0.09718066753836477
451,0.13900982590215702
452,-0.9584902944139237
453,-0.5535355438774996
454,-0.5535355438774996
455,0.05025926380854553
456,0.047834385062818535
457,-0.180104217035528
458,-0.9245419919737444
459,-0.12918176337525916
460,0.10724391433313214
461,-0.2019281257470718
462,0.07814536938440711
463,0.4346025450062893
464,-1.6083577982687838
465,-2.5395112366279857
466,0.13755489865472081
467,0.8650185223728477
468,0.5153510072390013
469,-0.38136915293087625
470,-0.13524396023957672
471,-0.00793782608890462
472,0.47218816556505916
473,-1.2191647595795858
474,-2.0254369425338434
475,-1.3428335756116674
476,-0.03218661354617555
477,-0.5899087250634063
478,-0.5899087250634063
479,1.4494143000930761
480,0.3218456833299796
481,0.72558799449354
482,-1.0021381118370112
483,-0.800873175941663
484,0.2830476233983461
485,-0.5426235895217278
486,-0.9837494480152477
487,-0.9837494480152477
488,-0.016424901698949366
489,0.4261154693962445
490,0.7171009188834951
491,0.5982818603428679
492,0.8832051129658008
493,1.3924296495684896
494,0.8359199774241225
495,0.9216394410855753
496,0.7146760401377681
497,0.8989668248130269
498,0.7825726450181266
499,0.4721881655650592
500,1.388792331449899
501,-1.6326065857260545
502,1.0553715039124243
503,1.4457769819744857
504,-0.6153699518935407
505,-0.1388812783581673
506,0.11815586868890408
507,0.12700667611080796
508,1.4324401488729865
509,1.6264304485311538
510,0.7146760401377681
511,0.7025516464091327
512,-0.3862189104223306
513,0.15283163475280154
514,0.4341175692571439
515,0.478977826053095
516,0.4782503624293769
517,0.5643335579026886
518,0.7583238575608557
519,0.13270514116326654
520,-0.07947174908785379
521,0.300749238242154
522,0.6710282227146805
523,-0.9972883543455573
524,0.8165209474583058
525,-1.3549579693403027
526,-2.049685729991114
527,0.5982818603428678
528,0.7837850843909901
529,0.850469249898485
530,-0.9972883543455573
531,0.3994418031932465
532,0.7571114181879922
533,1.2202632586218662
534,-0.6335565424864936
535,0.18120271607780836
536,-1.9357164289419408
537,-1.4774143459995206
538,0.34124471329579636
539,0.3594313038887495
540,-2.328546785749729
541,-0.6316166394899121
542,0.5691833153941427
543,-0.19222861076416345
544,-0.4941260146071861
545,-0.16555494456116548
546,-0.5462609076403183
547,-0.8420961146190233
548,-0.934241506956653
549,-0.7814741459758463
550,-0.32317206303342627
551,-1.2785742888498997
552,-0.654168011825174
553,-0.3413586536263794
554,0.3254830014485703
555,0.2794103052797555
556,-0.7063029048583062
557,0.3824676519731568
558,0.5788828303770511
559,0.4600637718364237
560,0.7115236977683229
561,0.9717131871848397
562,-0.04188612852908386
563,-0.07098467347780896
564,-0.3868251301087624
565,-0.045887178459533495
566,0.13876733802758437
567,-0.5705096950975895
568,-0.8154224484160254
569,-1.1282318066148198
570,-1.1482370562670685
571,-0.7111526623497607
572,-1.7999232191812236
573,-0.07098467347780882
574,-0.37530695606655873
575,0.7292253126121306
576,-0.49339855098346785
577,-0.2831615637289292
578,-0.22132715571288855
579,0.22485053350089612
580,1.5876323885995205
581,-2.107882819888564
582,-2.5249619641536234
583,0.02964779446986522
584,-0.38064168930715814
585,-0.8687697808220214
586,-1.2105564400322546
587,-0.7390387679256221
588,-1.0894337466831865
589,0.01667469318022542
590,-0.004300507970313901
591,-0.16313006581543835
592,-1.7683997954867716
593,-0.5317116351659559
594,-0.4201672128625098
595,0.11815586868890408
596,-0.21768983759429775
597,-0.1437310358496216
598,-0.7693497522472105
599,-0.23587642818725102
600,-0.3474208504906971
601,-0.13403152086671324
602,0.009036325131185116
603,0.16907832234917297
604,-1.0102210409894348
605,0.2309127303652137
606,0.3994418031932464
607,1.3875798920770352
608,0.6661784652232263
609,0.4867374380394217
610,0.8844175523386644
611,0.4285403481419716
612,-0.11948224839235079
613,0.45157669622637886
614,0.49506285506641806
615,0.1424046561461749
616,-0.4832140602514142
617,0.07426556339124385
618,-0.18737885327270912
619,-1.2446259864097202
620,0.21636345789085124
621,0.3169353038698822
622,0.16416794288907557
623,0.6589038289860449
624,-0.3753069560665586
625,-0.06613491598635471
626,0.39459204570179224
627,-1.176729381529362
628,0.5012867105137843
629,-0.4638150302855975
630,1.0020241715064282
631,0.8116711899668517
632,-0.5899087250634063
633,-0.33287157801633466
634,-0.5348639775354012
635,-0.3449959717449701
636,-0.11342005152803294
637,0.25297912695133024
638,0.4856462426038446
639,-0.1679798233068924
640,0.6198632811798389
641,-0.1841658889346208
642,0.5352350129539635
643,0.18968979168785333
644,1.0359724739466074
645,0.6368374323999286
646,0.360643743261613
647,1.4324401488729865
648,-0.8372463571275692
649,0.05426031373899534
650,1.461296205947139
651,1.0008117321335646
652,-0.10493297591798814
653,-0.11148014853145119
654,-0.9536405369224696
655,-1.021537141802828
656,-0.0588602797491734
657,0.0866324449944519
658,1.3839425739584448
659,0.6761204680807074
660,0.32063324395711607
661,1.4518391788388034
662,1.2142010617575487
663,0.7537165879439742
664,1.0910172214746126
665,0.6535690957454455
666,0.4443020599891977
667,0.8457060952193785
668,0.7474119032050839
669,-0.04916076476626517
670,0.09245215398419686
671,1.6264304485311538
672,1.33786987778963
673,1.636129963514062
674,1.660378750971333
675,0.7534741000694016
676,1.2299627736047745
677,1.9368149279842213
678,-0.1765881428542237
679,-0.43350404596400893
680,0.20666394290794282
681,1.3752130104738272
682,0.5776703910041876
683,1.5051865112447995
684,-0.12457449375837756
685,1.359693786501174
686,0.43823986312488
687,1.2660934669161081
688,-0.2638837777003989
689,0.3994418031932465
690,-0.20071568637420822
691,1.9271154130013128
692,1.7597987795461436
693,0.7389248275950391
694,0.5255354979710551
695,1.6749280234456956
696,1.1681283655887338
697,1.6458294784969705
698,1.3208957265695405
699,0.7630523711150237
700,1.3669684227383554
701,1.8216331875621845
702,0.6904272526804972
703,0.25952629956479345
704,0.15525651349852862
705,-0.049544703901005155
706,1.0373061572567575
707,1.9368149279842213
708,1.8107212332064124
709,1.2312444952275161
710,0.9717131871848397
711,0.4079288788032913
712,0.9218472878352089
713,-0.10966148947215609
714,0.18120271607780836
715,1.9343900492384942
716,0.8795677948472103
717,-0.19222861076416345
718,1.9077163830354962
719,0.8771429161014831
720,-0.70484797761087
721,0.30947880172677145
722,0.685577495189043
723,0.47825036242937685
724,0.014856034120929965
725,0.02601047635127471
726,-2.1563803948031057
727,-0.968189809396832
728,0.19575198855217102
729,0.7437745850864932
730,0.43823986312488
731,-0.2273893525772062
732,0.7049765251548598
733,0.40429156068470057
734,0.41399107566760895
735,-0.4792130103209644
736,0.16519851635600966
737,-0.4638150302855975
738,0.021160718859820418
739,0.3999267789423919
740,0.8987243369384541
741,0.8941170673215728
742,-1.6687776936831502
743,-1.6687776936831502
744,-1.0518481261244164
745,-0.8287592815175242
746,-0.6742945054147089
747,-0.939091264448107
748,-0.501873502199784
749,0.14228341220888865
750,0.9220031728974343
751,0.6673909045960899
752,1.9610637154414923
753,1.9998617753731254
754,1.9610637154414923
755,1.9610637154414923
756,0.18120271607780836
757,1.9562139579500377
758,1.248149364197728
759,1.039609792065198
760,0.20292861927337907
761,0.38125521260029327
762,0.7146760401377681
763,1.223900576740457
764,1.8010217182235044
765,1.4991243143804818
766,1.359693786501174
767,0.6613287077317721
768,1.4130411189071699
769,0.6661784652232263
770,0.03146645352916058
771,-0.4773943512616691
772,0.03934730945277363
773,0.11815586868890415
774,1.1851025168088234
775,0.5445707961250128
776,0.5345075493302454
777,0.8007592356110799
778,1.7282753558516915
779,0.7243755551206765
780,0.8892673098301186
781,-0.24642465073116376
782,-0.12033095595335515
783,0.5449345279368718
784,1.248149364197728
785,0.3027497632073788
786,0.5570589216655073
787,0.2178790071069306
788,0.2577278478283791
789,0.2577278478283791
790,0.2577278478283791
791,0.6467794352574097
792,0.19575198855217102
793,0.27813724393824885
794,0.3132979857512916
795,-0.11711799161526683
796,0.2891098202626639
797,-0.012787583580358758
798,0.7680233725437642
799,0.3097212896013442
800,0.6067689359529126
801,0.7129786250157591
802,0.38489253071888385
803,0.44308962061633406
804,0.7704482512894912
805,1.1378173812671453
806,0.22000077600944185
807,0.27868284165603746
808,0.3157834864656619
809,0.4624886505821508
810,0.3703432582445214
811,-0.10008321842653392
812,0.5752455122584604
813,0.19914681879618892
814,-0.04188612852908383
815,0.7134636007649047
816,-0.28898127271867424
817,0.8310702199326684
818,0.371555697617385
819,0.4721881655650591
820,0.2878973808898004
821,0.6807277376975889
822,0.7580813696862829
823,0.36003752357518126
824,0.22545675318732777
825,-0.3668198804565138
826,-0.3959184254052389
827,0.698186864666824
828,0.42247815127765387
829,1.7864724457491417
830,0.7583238575608559
831,0.4860099744157035
832,1.975612987915855
833,-1.6483682975732807
834,1.0602212614038784
835,-0.4031930616424202
836,-1.3804191961704375
837,-0.4503569532468119
838,-1.2106776839695408
839,-0.7885062943384548
840,-0.9401824598836842
841,-1.8459959153500385
842,-0.6735670417909907
843,-0.859070265839113
844,0.6556302426793135
845,0.19817686729789807
846,-0.07098467347780896
847,-1.2470508651554475
848,-1.0033505512098748
849,-0.012787583580358758
850,-0.007331606402472879
851,0.07450805126581654
852,-0.3191710131029765
853,0.21878833663657826
854,-0.291648639338974
855,0.03692243070704654
856,0.4915871955308759
857,0.5717294380771561
858,0.4915871955308759
859,0.5982818603428678
860,-0.400768182896693
861,-0.3401462142535159
862,-0.23805881905840534
863,-0.40925525850673794
864,-0.8372463571275693
865,-0.792386100331618
866,0.06953704983707587
867,0.2587988359410753
868,0.09754439935022383
869,0.7877861343214398
870,0.3315451983128879
871,0.3800427732274298
872,0.9923246565235199
873,0.20060174604362507
874,0.41884083315906323
875,-0.2819491243560657
876,0.22388058200260527
877,-0.13015171487354996
878,0.4175071498489133
879,0.2478868815853034
880,-1.205827926478087
881,0.11936830806176754
882,1.0832576094882855
883,-0.5024918462799446
884,-0.18859129264557284
885,0.5691833153941427
886,0.5643335579026887
887,0.07935780875727062
888,0.8310702199326684
889,0.3800427732274298
890,0.16422856485771883
891,0.11294237938559082
892,0.6161047191239619
893,1.052582893354838
894,1.2696095410974126
895,1.4114649477224472
896,0.9401897634903874
897,0.7777228875266724
898,0.16665344360344592
899,0.4312077147622712
900,-0.7935985397044818
901,-0.4698772271499153
902,0.3901060200221972
903,0.5183821056711603
904,-0.04067368915622034
905,0.7534741000694016
906,0.3776178944817027
907,0.5097737861238291
908,0.2878973808898004
909,0.957163914710477
910,1.3245330446881312
911,0.9765629446762938
912,1.4748755269232106
913,1.5148860262277075
914,1.0687083370139232
915,-1.0953746996102178
916,-0.07098467347780896
917,0.13149270179040307
918,-0.5967105099451706
919,-0.20674757225420431
920,0.16180368611199164
921,-0.39228110728664833
922,0.6043440572071855
923,-0.42016721286250974
924,0.12785538367181246
925,1.1416365652916656
926,-0.42016721286250974
927,0.08469254199787032
928,1.2590613185534996
929,0.5885823453599595
930,-0.2892237605932469
931,0.4570326734042648
932,-0.35117941254657414
933,-0.02018346375482638
934,0.5109862254966926
935,0.09390708123163308
936,0.6041015693326128
937,0.03570999133418302
938,1.849519293138046
939,0.24182468472098567
940,1.9804627454073092
941,-0.003088068597450391
942,1.8980168680525877
943,0.09269464185876959
944,-0.19586592888275406
945,-0.5753594525890436
946,0.6661784652232263
947,1.0299102770822897
948,-0.64398352109312
949,0.6661784652232263
950,-1.5647099808456961
951,0.22363809412803248
952,-0.6044579975377685
953,0.1436170955190385
954,1.0820451701154221
955,0.7049765251548598
956,1.1751605139513424
957,1.092957124471194
958,-0.8918061289064286
959,0.8111862142177062
960,0.8001530159246482
961,0.13270514116326654
962,0.33275763768575156
963,0.8553190073899394
964,0.16665344360344592
965,0.6613287077317721
966,-0.7707474254131506
967,-0.7707474254131506
968,-0.7707474254131506
969,-0.07813806577770371
970,-0.16555494456116537
971,0.3121461683470712
972,0.20422559261362835
973,0.7449870244593567
974,1.248149364197728
975,1.2578488791806361
976,1.130542745029964
977,1.24208716733341
978,0.4721881655650592
979,0.17404932377791354
980,0.1266429442989489
981,0.05510902129999981
982,0.82137070494976
983,0.38004277322742974
984,1.0141485652350637
985,0.2630423737460976
986,0.5697606674764587
987,0.5697606674764587
988,0.5697606674764587
989,0.3667059401259307
990,0.9620136722019312
991,0.6661784652232263
992,0.49207217128002134
993,0.8125198975278561
994,1.1754030018259152
995,1.4881719453789475
996,1.0832576094882855
997,1.9659134729329464
998,1.3851550133313082
999,1.4651760119403021
1000,0.16665344360344592
1001,0.5813077091227782
1002,0.9765629446762937
1003,1.7379748708346
1004,1.0008117321335646
1005,2.208401347505655
1006,1.9077163830354962
1007,1.9089288224083598
1008,1.4906372387704367
1009,1.2723981516549987
1010,0.7352875094764484
1011,1.1632786080972797
1012,0.2365707807719103
1013,0.2365707807719103
1014,0.2365707807719103
1015,0.7292253126121306
1016,1.122055669419919
1017,1.8543690506295003
1018,1.3257454840609948
1019,0.752625392508397
1020,1.9125661405269503
1021,-0.10614541529085161
1022,0.5170484223610102
1023,0.2710444736069971
1024,-0.8857439320421109
1025,-0.46381503028559745
1026,0.6164684509358209
1027,0.8541065680170757
1028,0.2927471383812545
1029,0.38974228821033813
1030,0.6540540714945909
1031,0.4600637718364237
1032,0.9426146422361145
1033,0.010248764504048685
1034,1.1123561544370106
1035,-0.2989232755761553
1036,-0.15828030832398404
1037,0.2006017460436251
1038,0.5109862254966926
1039,0.6790303225755798
1040,0.0635960969100446
1041,-0.017637341071812834
1042,0.29759689587270877
1043,-0.39470598603237544
1044,1.2080176209559443
1045,-0.4056179403881473
1046,0.850469249898485
1047,1.0456719889295156
1048,0.6152560115629575
1049,0.574033072885597
1050,-0.8372463571275693
1051,-0.1437310358496216
1052,0.6176808903086846
1053,-0.19344105013702698
1054,0.5546340429197801
1055,1.010511247116473
1056,0.6273804052915929
1057,-0.8396712358732965
1058,0.045409506317091446
1059,0.82137070494976
1060,1.990162260390217
1061,0.08420756624872491
1062,-0.14858079334107568
1063,0.6807277376975889
1064,0.14434455914275668
1065,0.18726491294212616
1066,-0.6141575125206771
1067,0.11839835656347673
1068,0.1993893066707616
1069,0.6176808903086846
1070,0.3126311440962166
1071,0.23939980597525856
1072,1.2384498492148195
1073,0.3412447132957963
1074,1.005661489625019
1075,1.4760879662960742
1076,1.8082963544606852
1077,1.446989421347349
1078,0.3121461683470712
1079,0.15331661050194695
1080,-0.34499597174497004
1081,1.0177858833536542
1082,-0.14736835396821227
1083,1.985312502898763
1084,0.9686820887526806
1085,-0.3765193954394222
1086,1.0323351558280167
1087,1.0299102770822897
1088,-0.7160024198412148
1089,0.6071326677647717
1090,-0.7887487822130272
1091,-0.6262819062493123
1092,0.021160718859820418
1093,-0.19586592888275403
1094,-0.2455759431701593
1095,-0.015091218388799482
1096,-0.34378353237210635
1097,-0.4710896665227787
1098,-0.3947666080010186
1099,-1.133081564106274
1100,0.6467794352574097
1101,0.05753390004572681
1102,-0.7014531473668522
1103,0.05632146067286333
1104,1.3111962115866322
1105,0.016310961368366343
1106,-1.618057313251692
1107,-2.107882819888564
1108,0.07087073314722588
1109,0.17150320109490008
1110,1.5342850561935242
1111,1.5342850561935242
1112,1.52943529870207
1113,0.8371324167969861
1114,1.2093513042660944
1115,1.522160662464889
1116,0.3322726619366061
1117,0.34463954353981424
1118,0.47340060493792274
1119,1.4191033157714876
1120,1.7137260833773291
1121,1.4991243143804818
1122,1.9513642004585836
1123,0.6516291927488639
1124,0.6661784652232263
1125,1.1560039718600985
1126,0.21102872465025155
1127,1.4954869962618909
1128,-1.4725645885080665
1129,-0.5365613926574101
1130,-0.9657649306511049
1131,1.0444595495566524
1132,0.7839063283282766
1133,1.0299102770822897
1134,1.3257454840609946
1135,1.682202659682877
1136,1.631280206022608
1137,0.3703432582445214
1138,0.09087598279947431
1139,0.29638445649984513
1140,-0.7826865853487098
1141,0.5449345279368718
1142,-0.24557594317015935
1143,-0.38500647104946695
1144,-0.8687697808220215
1145,-1.1524805940720906
1146,-1.0676098379716428
1147,-0.9390912644481071
1148,0.1835063508862492
1149,0.9280653697617519
1150,-1.1136825341404573
1151,-0.7063029048583063
1152,0.7932421114993258
1153,0.5352350129539635
1154,0.8731418661710333
1155,-0.323414550907999
1156,-0.2739470244951662
1157,0.986262459659202
1158,0.725951726305399
1159,0.05632146067286323
1160,-0.222539595085752
1161,-0.0855339459521714
1162,-0.012787583580358756
1163,0.7196470415665086
1164,-0.21429500735027984
1165,-1.1273830990538154
1166,-0.9571566111037736
1167,-0.752375601027121
1168,0.6233793553611432
1169,-0.023335806124271618
1170,0.6516291927488639
1171,1.314833529705223
1172,0.2082112464885497
1173,0.2082112464885497
1174,0.2082112464885497
1175,0.7534741000694016
1176,0.4030791213118371
1177,0.7777228875266724
1178,1.0541590645395607
1179,-1.0748844742088242
1180,0.8116711899668517
1181,1.0408222314380617
1182,1.3499942715182656
1183,1.039609792065198
1184,0.7971219174924892
1185,0.4576388930906966
1186,1.3986130903700937
1187,1.4336525882458502
1188,0.6661784652232263
1189,0.7891198176315899
1190,1.548834328667887
1191,0.6854562512517568
1192,0.8262204624412142
1193,1.0153610046079273
1194,1.1584288506058256
1195,1.3839425739584448
1196,1.0032366108792918
1197,-1.3537455299674392
1198,-2.230217952610496
1199,-1.7593902162422306
1200,-1.7593902162422306
1201,0.2887460884508048
1202,-1.1743045027836345
1203,0.7983343568653527
1204,0.576457951631324
1205,0.09026976311304252
1206,0.9620136722019312
1207,0.8844175523386644
1208,-1.293123561324262
1209,-0.691753632383944
1210,0.12300562618035817
1211,-0.28922376059324695
1212,-0.2350277206262465
1213,0.859320057320389
1214,0.8892673098301185
1215,1.122055669419919
1216,1.1038690788269658
1217,1.2614861972992268
1218,0.5788828303770511
1219,0.07632671032511183
1220,0.5109862254966926
1221,0.9038165823044813
1222,1.0735580945053775
1223,0.874718037355756
1224,-0.17028345811533327
1225,0.5109862254966926
1226,1.1511542143686442
1227,1.0978068819626483
1228,1.2384498492148195
1229,0.3121461683470712
1230,1.4142535582800335
1231,1.0323351558280167
1232,1.4372899063644407
1233,0.30243318181557544
1234,0.30243318181557544
1235,0.3169959258385255
1236,-0.0706116152092355
1237,-0.0706116152092355
1238,-0.0706116152092355
1239,-0.0706116152092355
1240,0.35336910702443175
1241,0.6407172383930918
1242,0.82137070494976
1243,1.2519079262536048
1244,1.333020120298176
1245,1.0444595495566524
1246,1.4227406338900783
1247,1.0845912927984354
1248,-0.012787583580358758
1249,-1.9332915501962136
1250,-0.2940735180847011
1251,0.8904797492029821
1252,-0.8178473271617526
1253,0.9656509903205219
1254,0.8553190073899394
1255,-0.7269143741969867
1256,0.9086663397959353
1257,1.5876323885995203
1258,0.5109862254966926
1259,0.685577495189043
1260,0.5255354979710551
1261,0.727685514608594
1262,-0.5753594525890436
1263,0.06480853628290811
1264,0.7425621457136297
1265,-0.07583443096926304
1266,0.2503117603310304
1267,0.5449345279368718
1268,1.7234255983602373
1269,0.6370799202745013
1270,0.30729641085561715
1271,0.8407697349155768
1272,0.6237430871730023
1273,0.6140435721900939
1274,0.8601687648813935
1275,1.2226881373675933
1276,-0.5973998683314559
1277,-0.5973998683314559
1278,-0.5973998683314559
1279,-0.5973998683314559
1280,0.5594838004112344
1281,0.8031841143568068
1282,1.0444595495566524
1283,1.4366836866780088
1284,1.6046065398196099
1285,1.281491446951475
1286,0.8650185223728477
1287,0.2532822367945462
1288,0.2532822367945462
1289,0.2532822367945462
1290,0.8662309617457112
1291,0.9753505053034301
1292,1.2808852272650437
1293,1.657953872225606
1294,1.1511542143686442
1295,0.8783553554743466
1296,1.1754030018259152
1297,1.4130411189071699
1298,0.9086663397959353
1299,1.1378173812671453
1300,0.9878386308439248
1301,1.4688133300588928
1302,0.3521566676515683
1303,0.7178283825072134
1304,1.5973319035824287
1305,0.576457951631324
1306,0.24909932095816692
1307,0.8177333868311694
1308,0.02594985438263151
1309,-0.566872376978999
1310,0.09390708123163327
1311,0.36549350075306714
1312,-0.49776333272577666
1313,-0.10493297591798814
1314,-1.3028230763071704
1315,-0.5802092100804978
1316,-0.789961221585891
1317,-1.2300767139353577
1318,-0.6068828762834957
1319,-0.07098467347780896
1320,-0.7741995097386651
1321,-0.9960759149726935
1322,-0.600820679419178
1323,-0.7026655867397158
1324,-0.12918176337525905
1325,-0.007937826088904682
1326,-1.0385112930229177
1327,0.7631736150523099
1328,0.656478950240318
1329,0.8795677948472103
1330,0.8650185223728477
1331,0.6952770101719514
1332,0.3942283138899331
1333,0.5740330728855969
1334,0.18605247356926266
1335,0.7805114980842586
1336,0.15089173175621975
1337,0.6670271727842307
1338,1.1414546993857357
1339,1.0129361258622
1340,0.5594838004112344
1341,1.4300152701272597
1342,-1.1447209820857642
1343,-1.1185322916319118
1344,-0.5983958006734509
1345,0.4770379230565133
1346,0.33639495580434225
1347,0.7583238575608556
1348,0.76317361505231
1349,1.2930096209936788
1350,1.8349700206636834
1351,-0.24557594317015932
1352,0.3958044850746559
1353,0.22363809412803243
1354,1.1026566394541024
1355,-0.9584902944139237
1356,-0.7063029048583063
1357,0.816520947458306
1358,0.7583238575608557
1359,-0.5769760384195284
1360,-0.9584902944139237
1361,1.359693786501174
1362,1.14630445687719
1363,0.643142117138819
1364,0.3169959258385255
1365,-0.4674523484041879
1366,-0.42028845679979615
1367,-0.22496447383147916
1368,-0.19150114714044522
1369,-0.6675048449266727
1370,-0.9051429620079277
1371,-0.9018693757011963
1372,-0.03582393166476605
1373,-0.538986271403137
1374,-0.8554329477205223
1375,-0.32317206303342627
1376,-0.2031405651199354
1377,-0.016424901698949404
1378,-0.6160974155172588
1379,-0.5559604226232269
1380,-0.7863239034673004
1381,1.0018726165848202
1382,1.0018726165848202
1383,1.0018726165848202
1384,1.0626461401496055
1385,0.21515101851798776
1386,0.35640020545659057
1387,1.0879861230424535
1388,1.6118811760567913
1389,0.3703432582445214
1390,0.8262204624412143
1391,1.2639110760449541
1392,0.6589038289860452
1393,0.6661784652232263
1394,0.7983343568653526
1395,0.957163914710477
1396,0.9935370958963834
1397,0.5449345279368718
1398,1.0299102770822897
1399,1.2578488791806361
1400,1.4809377237875285
1401,0.9995992927607011
1402,1.689477295920058
1403,1.072345655132514
1404,1.0299102770822897
1405,1.2469369248248643
1406,1.3014966966037238
1407,0.8601687648813935
1408,1.248149364197728
1409,0.7049765251548598
1410,1.0177858833536544
1411,1.248149364197728
1412,1.1244805481656461
1413,1.0868949276068764
1414,0.7728731300352183
1415,0.6904272526804972
1416,-0.5124885277758096
1417,-0.5124885277758096
1418,-0.5124885277758096
1419,-0.5124885277758096
1420,-0.5124885277758096
1421,-0.5124885277758096
1422,-0.5124885277758096
1423,-0.5124885277758096
1424,-0.5124885277758096
1425,-0.5124885277758096
1426,1.1511542143686442
1427,1.2542115610620455
1428,1.1261779632876554
1429,0.8892673098301186
1430,1.5949070248367017
1431,1.1499417749957808
1432,1.1899522743002777
1433,1.7876848851220055
1434,0.8722931586100289
1435,0.41884083315906323
1436,0.9789878234220208
1437,0.9317026878803426
1438,1.074770533878241
1439,0.9959619746421104
1440,1.4615386938217116
1441,1.1740693185157653
1442,0.6613287077317722
1443,-0.45169063655696196
1444,1.8107212332064124
1445,0.3557939857701589
1446,0.059958778791453886
1447,0.8844175523386644
1448,1.080711486805272
1449,0.6077388874512035
1450,0.12906782304467596
1451,0.12906782304467596
1452,0.12906782304467596
1453,0.5813077091227783
1454,0.6904272526804972
1455,0.8104587505939882
1456,0.7380761200340346
1457,0.76317361505231
1458,1.0541590645395607
1459,1.1693408049615974
1460,1.1560039718600985
1461,0.7728731300352183
1462,1.3415071959082208
1463,1.513673586854844
1464,1.0541590645395607
1465,1.9816751847801723
1466,0.9959619746421106
1467,1.4372899063644407
1468,0.560696239784098
1469,1.0978068819626483
1470,1.1802527593173693
1471,1.1026566394541024
1472,1.3451445140268112
1473,0.8504692498984852
1474,0.5061364680052385
1475,1.7816226882576875
1476,1.9707632304244005
1477,-0.053040570759428404
1478,0.7534741000694016
1479,0.33639495580434225
1480,0.3242705620757067
1481,0.41884083315906323
1482,0.523110619225328
1483,0.11912582018719486
1484,0.651022973062432
1485,0.7389248275950391
1486,1.3014966966037238
1487,0.44308962061633406
1488,1.446989421347349
1489,0.05620021673557694
1490,0.8844175523386644
1491,0.7583238575608557
1492,-0.3068079022442294
1493,-0.3068079022442294
1494,-0.3068079022442294
1495,-0.3068079022442294
1496,-0.3068079022442294
1497,-0.3068079022442294
1498,-0.3068079022442294
1499,-0.05595042525430095
1500,-0.3068079022442294
1501,0.427327908769108
1502,-0.3068079022442294
1503,0.8844175523386644
1504,1.0444595495566524
1505,1.9271154130013128
1506,1.3499942715182656
1507,-0.8014793956280944
1508,1.345144514026811
1509,2.0338100778133046
1510,-0.09038370344362569
1511,0.5400847704454176
1512,1.1075063969455565
1513,-0.0928085821893528
1514,-0.37773183481228584
1515,1.577932873616612
1516,0.21599972607899212
1517,0.5449345279368719
1518,1.6264304485311538
1519,-1.2143150020881317
1520,-1.065669934975061
1521,1.6033941004467465
1522,1.7573739008004166
1523,-0.6820541174010354
1524,-0.11014646522130142
1525,-0.7244894954512595
1526,-0.6044579975377685
1527,-0.8360339177547056
1528,-0.8505831902290679
1529,-0.5626288391739762
1530,-1.181579139020816
1531,0.3012342139912994
1532,-0.3571203654736055
1533,0.13137145785311674
1534,0.12543050492608532
1535,-0.05643540100344642
1536,0.11573098994317695
1537,0.15452904987481042
1538,0.31457104709279843
1539,0.23684155889851646
1540,0.6830313725060296
1541,0.7389248275950391
1542,0.7146760401377681
1543,0.12421806555322179
1544,-0.33469023707562995
1545,-0.03303532110717999
1546,1.3730306196026727
1547,0.25273663907675764
1548,0.1424046561461749
1549,-0.5292867564202289
1550,0.3218456833299796
1551,-1.1321722345766267
1552,-0.7535880403999847
1553,-0.8372463571275692
1554,-0.6077315838445001
1555,0.29759689587270877
1556,1.2043803028373539
1557,-0.18737885327270914
1558,-0.22375203445861552
1559,0.9098787791687989
1560,0.08857234799103364
1561,0.3812552126002934
1562,0.2749242796001604
1563,0.2636485934325294
1564,-0.4638150302855975
1565,0.22606297287375954
1566,-0.17040470205261954
1567,1.1286028420333825
1568,0.16459229666957775
1569,0.3750717717986893
1570,0.5109862254966926
1571,0.12543050492608537
1572,-0.262550094390249
1573,0.6564789502403179
1574,-0.07559194309469047
1575,0.2830476233983461
1576,0.6916396920533607
1577,0.5885823453599595
1578,0.6904272526804972
1579,0.07814536938440717
1580,0.0902697631130425
1581,-0.12069468776521428
1582,-0.49776333272577666
1583,0.011946179626057526
1584,-0.40440550101528366
1585,0.03146645352916066
1586,1.223900576740457
1587,0.14846685301049264
1588,0.26001127531393875
1589,-0.7887487822130272
1590,1.3815176952127177
1591,0.5837325878685052
1592,0.7682658604183368
1593,0.4527891355992424
1594,0.9266104425143158
1595,0.09875683872308735
1596,0.29262589444396814
1597,0.7183133582563587
1598,0.49643695302233004
1599,0.4491518174806518
1600,0.6043440572071856
1601,1.3790928164669907
1602,0.38489253071888385
1603,1.1511542143686442
1604,-0.6347689818593572
1605,-0.5086752870815485
1606,0.48188768054796755
1607,0.010248764504048657
1608,-0.2989232755761553
1609,0.188234864440417
1610,1.3181071160119542
1611,-0.2989232755761553
1612,-0.5802092100804978
1613,0.4193258089082086
1614,0.5982818603428678
1615,0.7364999488493119
1616,0.5554827504807847
1617,0.5570589216655072
1618,-0.4056179403881473
1619,0.10663769464670042
1620,0.5284453524659276
1621,0.4515766962263789
1622,0.12421806555322185
1623,0.11657969750418154
1624,0.23551999998209527
1625,0.21333235945869236
1626,0.04613696994080949
1627,-0.1619176264425747
1628,-0.26461124132411706
1629,0.2963844564998451
1630,0.21030126102653346
1631,0.04783438506281848
1632,0.09269464185876972
1633,0.3169959258385255
1634,0.1079713779568503
1635,0.09875683872308734
1636,0.09342210548248775
1637,0.00915756906847133
1638,0.3354250043060513
1639,0.04274213969679155
1640,-0.3340840173891982
1641,0.4717031898159137
1642,0.7401372669679026
1643,-0.5526868363164952
1644,0.2789253295306101
1645,0.2794103052797555
1646,0.2794103052797555
1647,0.17392807984062716
1648,0.006853934260030586
1649,0.6880023739347702
1650,-0.21647739822143425
1651,0.9583763540833405
1652,-0.18252909578125506
1653,-0.29649839683042833
1654,-0.5899087250634063
1655,-0.3806416893071583
1656,1.1353925025214182
1657,-0.07833205607736196
1658,1.4831201146586825
1659,-0.925754431346608
1660,-0.5705096950975895
1661,-0.7050904654854429
1662,0.3036590927370264
1663,-0.8663449020762942
1664,-0.5511106651317728
1665,-0.8978683257707465
1666,-0.062497597867764126
1667,0.12300562618035826
1668,0.029405306595292592
1669,-0.4027080858932748
1670,0.5182608617338739
1671,1.037184913319471
1672,-0.9148424769908362
1673,-0.5656599376061352
1674,-0.01884978044467646
1675,-0.5232245595559112
1676,-0.235876428187251
1677,-1.5634975414728325
1678,-0.7596502372643025
1679,-0.12190712713807778
1680,-1.6035080407773294
1681,-4.8382962875772675
1682,-0.1982908076284811
1683,-0.28194912435606573
1684,-0.3571203654736055
1685,-1.2870613644599442
1686,-1.5768343745743314
1687,-2.2212459012513053
1688,-2.2212459012513053
1689,0.4758254836836498
1690,-0.7778368278572556
1691,-0.8020856153145264
1692,0.8977543854401634
1693,-0.662655087435219
1694,-0.6190072700121312
1695,0.3169959258385255
1696,-0.033399052919039024
1697,0.46733840807360505
1698,1.1220556694199193
1699,0.3800427732274298
1700,0.5837325878685052
1701,1.513673586854844
1702,-2.723802021303245
1703,-4.025961907758692
1704,-4.013837514030057
1705,-3.568872264189136
1706,-2.980839168350316
1707,-3.315472435260655
1708,-2.643781022694251
1709,-3.07419700006081
1710,-2.716527385066063
1711,-2.4934385404591715
1712,-3.4258044181912375
1713,-3.645255944679539
1714,-3.6986032770855353
1715,-2.380681678782862
1716,-2.478889267984809
1717,-2.5940710084068455
1718,-2.6122575989997987
1719,-2.4958634192048983
1720,-2.837771322352418
1721,-2.8571703523182346
1722,-3.256062905990341
1723,-0.41046769787960136
1724,0.8795677948472103
1725,0.9135160972873895
1726,-4.069609725181779
1727,-4.615207442970374
1728,-3.7337640188985786
1729,-3.517949810528867
1730,-3.510675174291685
1731,-0.09159614281648917
1732,-3.0002381983161333
1733,-3.0547979700949925
1734,-2.196390894107603
1735,-2.3236970282582754
1736,1.4142535582800335
1737,1.1511542143686442
1738,0.9407959831768192
1739,0.6989143282905419
1740,-0.609307755029223
1741,-1.4871138609824293
1742,0.12300562618035817
1743,-2.172142106650332
1744,-0.9318166282109257
1745,-2.4328165718159944
1746,-2.260650180869371
1747,-2.3067228770381853
1748,-2.6122575989997987
1749,-2.2594377414965074
1750,-2.1515306373116516
1751,-1.5998707226587388
1752,-2.076359396194112
1753,-1.7441510080295006
1754,-2.435241450561721
1755,-1.6835290393863236
1756,-2.6995532338459736
1757,-3.0196372282819492
1758,-2.81109765614942
1759,-2.8692947460468705
1760,-2.922642078452866
1761,-3.5143124924102764
1762,-1.7926485829440426
1763,-1.784161507333998
1764,-1.7429385686566374
1765,-1.5368238752698344
1766,1.5876323885995203
1767,-0.7560129191457117
1768,-0.5947584825548603
1769,-1.5610726627271054
1770,-1.9332915501962136
1771,-2.0193747456695252
1772,-1.6568553731833253
1773,-0.2383013069329781
1774,-1.4859014216095658
1775,0.741349706340766
1776,-0.0855339459521714
1777,-0.33226535832990295
1778,-3.6234320359679955
1779,-2.50313805544208
1780,-1.5744094958286043
1781,0.9850500202863386
1782,-0.8505831902290683
1783,-0.6711421630452636
1784,-0.691753632383944
1785,0.2654672524918248
1786,0.9304902485074789
1787,1.3887923314498989
1788,-1.5319741177783803
1789,0.05995877879145389
1790,-1.226439395816767
1791,-1.170667184665044
1792,-0.7160024198412147
1793,-0.7347103593644992
1794,0.31568952241426496
1795,0.8684860989792373
1796,0.12295712860544368
1797,-0.14935675453970848
1798,0.2077793871309773
1799,-0.9369937443330532
1800,-0.9388487765735342
1801,-0.48485085340477996
1802,-0.09807056906758059
1803,-0.12147064896384689
1804,-0.6707905556271332
1805,-0.2213271557128884
1806,0.148854833609809
1807,-0.695536443227278
1808,-1.3804313205641658
1809,0.3760417232969801
1810,0.5719961747391862
1811,-0.28807194318902657
1812,-0.27161914089926836
1813,0.24212779456420147
1814,-0.20317693830112116
1815,-0.8078689511230854
1816,-0.8157861802278844
1817,-0.059878728822378824
1818,-0.6679776962820897
1819,-0.3135695432003469
1820,-0.12050069746555604
1821,-0.21880528181733233
1822,-0.7050419679105281
1823,0.3027982607822933
1824,-0.6024938457537296
1825,-0.13097617364709713
1826,-0.027264109692349554
1827,-0.7383598018768186
1828,-0.13924501017002655
1829,-0.5002367090464184
1830,0.705400878935362
1831,-0.3375030964206733
1832,0.4269399281697917
1833,0.7173312823643393
1834,-0.06504372055077753
1835,-0.2519776230588789
1836,-0.2907393098093264
1837,0.13006202333042402
1838,0.49535788198048153
1839,-0.7570313682189173
1840,0.05661244612235055
1841,-0.21594392489737435
1842,0.1470361745505137
1843,0.51376271166055
1844,0.002707391604837419
1845,-0.2699338501709879
1846,-0.799272755969483
1847,0.171139469283041
1848,-0.9533980490478968
1849,0.3667059401259308
1850,-0.850825678103641
1851,-0.43835380345546293
1852,-0.8949584712758739
1853,-1.0278418265417186
1854,0.15974253917812375
1855,0.1297952866683939
1856,0.4903747561580123
1857,-0.25964023989537643
1858,-0.11826980901948717
1859,0.5796102940007692
1860,0.26267864193423857
1861,1.0468844283023795
1862,0.6563577063030316
1863,0.18217266757609923
1864,-0.7521331131525485
1865,-0.26182263076653095
1866,0.0772966618234025
1867,0.10688018252127308
1868,0.3526416434007137
1869,0.4099324348669482
1870,0.24327961196842196
1871,0.12203567468206747
1872,-0.18119541247110507
1873,-0.9008994242029055
1874,0.19963179454533436
1875,0.8137323369007197
1876,0.9079388761722171
1877,-0.3668198804565138
1878,-0.06795357504565001
1879,0.07256814826923487
1880,0.910606242792517
1881,0.16119746642556
1882,0.23794487872782238
1883,-0.07062094166594994
1884,0.34221466479408713
1885,0.7010967191616964
1886,1.2378436295283877
1887,1.0112387107401912
1888,0.5666371927111292
1889,-0.04382603152566531
1890,-0.34354104449753375
1891,0.03695274169136821
1892,1.0297890331450035
1893,0.8742330616066107
1894,0.010127520566762244
1895,-0.11317756365346032
1896,0.6249555265458658
1897,0.38452879890702496
1898,1.438138613925445
1899,1.2513017065671732
1900,-0.6376788363542298
1901,-0.46430000603474286
1902,-0.3978583284018204
1903,0.6322301627830471
1904,-0.7548004797728481
1905,0.5899796817371847
1906,-0.20120066212335364
1907,0.0682639884955692
1908,0.40453404855927333
1909,-0.14712586609363953
1910,-0.04752397161289933
1911,1.0876223912305945
1912,0.3088725820403397
1913,-0.12336205438551408
1914,-0.0892925080080484
1915,0.9278228818871793
1916,0.33300012556032427
1917,-0.6689597721741091
1918,-0.1811954124711052
1919,0.29153469900839113
1920,0.10106047353152814
1921,-0.04752397161289933
1922,-0.15185437964780735
1923,0.3368799315534876
1924,-0.050615692013701336
1925,0.12470304130236728
1926,-0.5147374839458664
1927,0.05801887579487243
1928,0.47691667911922697
1929,0.18120271607780836
1930,0.15646895287139198
1931,0.7852400116384264
1932,-0.7197609818970916
1933,-0.032671589295321074
1934,0.6361099687762104
1935,0.5067426876916702
1936,0.39325836239164236
1937,0.18799237656584428
1938,0.9266104425143157
1939,1.3377486338523439
1940,0.42829786026739897
1941,0.36415981744291737
1942,0.2221831668805962
1943,1.2272954069844748
1944,1.0682233612647778
1945,-0.8116638863601485
1946,-0.04752397161289933
1947,0.7241330672461037
1948,0.46212491877029166
1949,0.2528578830140439
1950,0.31335860771993485
1951,0.7209807248766587
1952,0.5199582768558828
1953,1.0333051073263075
1954,0.915092268472112
1955,0.9483131072885732
1956,1.3577538835045924
1957,0.9497680345360096
1958,0.4646407304689835
1959,0.24085473322269477
1960,0.5432371128148629
1961,0.9992355609488421
1962,0.40586773186942326
1963,-0.034399315401651406
1964,0.8898735295165503
1965,0.26801337517483825
1966,0.7990618204890709
1967,1.2439058263927054
1968,0.3913184593950607
1969,0.3525203994634272
1970,-0.048797032954405996
1971,-0.1858026820879865
1972,0.8746776227099938
1973,0.13713054487421852
1974,0.13713054487421852
1975,-0.1334253011802816
1976,0.3688883309970851
1977,1.0274853983365626
1978,0.6128311328172303
1979,0.5985485970048977
1980,0.5985485970048977
1981,0.9330363711904923
1982,1.0736793384426635
1983,0.48770738953771253
1984,1.3950970161887892
1985,0.576821683443183
1986,1.4576588878285484
1987,0.7082501114615913
1988,1.1438795781314628
1989,1.2331151159742197
1990,0.401425794894296
1991,0.558028873163798
1992,0.35045925252955923
1993,1.2842800575090616
1994,0.3878023852137564
1995,1.3006479890427194
1996,1.2493618035705913
1997,1.8453969992703099
1998,0.7084925993361639
1999,0.6471431670692686
2000,0.7425621457136296
2001,1.3926721374430624
2002,0.7094625508344549
2003,1.229841529667488
2004,0.543964576438581
2005,0.443089620616334
2006,1.5921992435706396
2007,0.9753505053034303
2008,1.0335475952008801
2009,0.9592250616443451
2010,-0.04752397161289933
2011,0.5105012497475472
2012,0.48758614560042624
2013,1.2429358748944146
2014,0.5199582768558828
2015,0.16810837085088223
2016,0.17101822534575464
2017,0.377739138418989
2018,0.8703532556134472
2019,1.6240055697854268
2020,1.1246017921029325
2021,0.5199582768558828
2022,0.5985485970048977
2023,0.427691640580967
2024,0.17101822534575464
2025,0.2101800170892472
2026,0.17101822534575464
2027,1.0991405652727981
2028,1.4040690675479794
2029,1.1997730332204724
2030,1.655528993479879
2031,1.0912597093491851
2032,0.3761629672342664
2033,0.5725781456381606
2034,0.3582188645158859
2035,1.0387610845041937
2036,0.283653843084778
2037,0.8746776227099938
2038,0.7236480914969583
2039,0.4580026249025556
2040,-0.10921692836877261
2041,-0.24075649666302676
2042,0.9387348362429512
2043,0.45194042803823786
2044,-0.04879703295440601
2045,-0.7305516923155775
2046,0.5488143339300353
2047,-0.10921692836877261
2048,0.6968531813566741
2049,0.5357199887031088
2050,1.6016966853247374
2051,0.879810282721783
2052,0.7270429217409763
2053,0.3066901911691854
2054,0.7664472013590414
2055,1.1779491245089286
2056,-0.2545479945293496
2057,0.981776433979607
2058,0.12446055342779452
2059,0.42514551789795363
2060,0.9337638348142107
2061,-0.2312691585703695
2062,0.5741543168228833
2063,-0.3328715780163345
2064,0.12446055342779452
2065,0.12203567468206733
2066,0.6812127134467343
2067,0.6895785451194928
2068,0.12458179736508093
2069,1.2693670532228398
2070,-0.6483483028354287
2071,-0.2992870073880143
2072,-0.03412651654275717
2073,-0.012545095705785991
2074,0.6261679659187293
2075,-0.2096877377333984
2076,0.3600375235751812
2077,-0.159250259822275
2078,1.2613649533619404
2079,-0.48830630561744115
2080,-0.13900252229545365
2081,-0.11358979304023382
2082,-0.07207586891338609
2083,0.38683243371546555
2084,-0.1650699688120198
2085,-0.12142215138893242
2086,0.03946855339006004
2087,0.3520354237142819
2088,-0.47836430275995995
2089,0.3901060200221972
2090,0.6340488218423423
2091,-0.04752397161289933
2092,-0.33505396888748895
2093,-0.6708996751706909
2094,-0.034399315401651406
2095,-0.8119063742347211
2096,-0.034399315401651406
2097,0.1718669329067592
2098,-0.4594502485432888
2099,-0.5254069504270652
2100,-0.03303532110717983
2101,1.327927874932149
2102,-0.2733408048087345
2103,-0.2838647785651901
2104,-0.046857129957824276
2105,0.06286863328632644
2106,0.2025658978276641
2107,0.7145547962004818
2108,-0.0789867733387083
2109,-0.034399315401651406
2110,-0.2661874125088396
2111,0.6604800001707677
2112,0.4107174893608773
2113,1.1005954925202344
2114,0.17720166614735866
2115,-0.42744184909969113
2116,0.5728206335127334
2117,-0.7800192187284101
2118,0.17501927527620437
2119,0.20848260196723817
2120,0.6846075436907523
2121,-0.21878103302987512
2122,-0.5191022656881752
2123,0.5252930100964823
2124,-0.2140525194757072
2125,0.4161734665387634
2126,-0.6094289989665092
2127,0.3280291241315837
2128,-0.27661439111546615
2129,-0.3544529988533056
2130,0.4377548873757346
2131,0.2836538430847781
2132,0.11718591719061325
2133,-0.9511024971686085
2134,-0.16579743243573813
2135,0.2562527132580618
2136,0.10748640220770492
2137,-0.35930275634475994
2138,0.10845635370599577
2139,0.4161734665387634
2140,-0.7058179291091609
2141,0.2396422938498312
2142,0.2856422436562741
2143,0.07887283300812527
2144,0.39277338664249695
2145,0.6041015693326127
2146,0.2505542482056032
2147,0.5636060942789705
2148,-0.2186597890925886
2149,0.2389148302261132
2150,0.9767448105822234
2151,1.0884104768229559
2152,0.9857774839100568
2153,-0.5217696323084748
2154,0.4503642568535153
2155,0.3724044051783894
2156,-0.11051019703316053
2157,0.0507442395576911
2158,-0.8550692159086632
2159,0.40926256211344125
2160,0.454001574972106
2161,0.4735218488752091
2162,-0.6907836808856528
2163,0.41787088166077235
2164,0.8642910587491296
2165,0.41823461347263147
2166,0.5374174038251178
2167,0.3348187846196195
2168,0.3887723367120474
2169,0.3280291241315836
2170,0.10736515827041854
2171,0.5866424423633777
2172,-0.009756485148199906
2173,0.8496205423374806
2174,0.5855512469278006
2175,0.7364999488493119
2176,1.0725881430070865
2177,0.6763629559552801
2178,-0.22605566926705628
2179,-0.27176463362401193
2180,0.4750980200599317
2181,0.1244605534277945
2182,0.11948955199905384
2183,0.6553877548047407
2184,0.07281063614380756
2185,-0.05073693595098784
2186,0.4024729016254055
2187,0.5750030243838877
2188,0.8674434011185748
2189,0.18435505844725353
2190,0.59221966347855
2191,0.33978978604836
2192,-0.1728295807983466
2193,0.3116611925979258
2194,0.3874386534018974
2195,0.4709757261921955
2196,0.7318926792324305
2197,0.4844338032309811
2198,0.1571964164951103
2199,-1.4221271105969435
2200,1.2032891074017766
2201,0.9285503455108974
2202,0.7643860544251735
2203,-0.3721546136971135
2204,-0.03873378615963857
2205,-0.1981695636911948
2206,-0.5734195495924621
2207,-0.0365513952884842
2208,0.40429156068470057
2209,0.7120086735174683
2210,0.9444333012954098
2211,0.022251914295397756
2212,0.8227043882599099
2213,1.1737055867039061
2214,0.27213566904257414
2215,-1.1667873786718808
2216,0.20011677029447972
2217,0.9901422656523655
2218,0.12688543217352166
2219,0.03546750345961033
2220,0.3346975406823332
2221,-0.12869678762611375
2222,-0.7996607365687993
2223,0.19575198855217096
2224,0.07256814826923487
2225,-0.3886437891680577
2226,0.7715394467250684
2227,0.620954476615416
2228,0.31687468190123913
2229,0.7960307220569118
2230,-0.23223911006866038
2231,1.4488080804066443
2232,0.9998417806352738
2233,-0.015333706263372295
2234,0.6938220829245152
2235,-0.026851880305575948
2236,-0.06164889030675962
2237,-0.037885078598634006
2238,-0.005755435217750224
2239,0.027101671786851883
2240,-0.2706734381884347
2241,-1.7593902162422306
2242,0.16101560051963038
2243,0.16101560051963038
2244,0.16101560051963038
2245,0.6084663510749215
2246,0.8657459859965657
2247,1.6885073444217673
2248,-0.11123766065687853
2249,0.19417581736744838
2250,0.20278413691477953
2251,0.40344285312369615
2252,1.3952182601260759
2253,-0.8235457922142111
2254,-0.014969974451513227
2255,0.01521976593278906
2256,0.6655722455367946
2257,-0.05401052225771926
2258,-0.08213911570815363
2259,0.5638485821535432
2260,0.6404747505185193
2261,-0.16628240818488357
2262,-0.28061544104591574
2263,0.33421256493318785
2264,-0.0435835436510928
2265,0.23976353778711765
2266,0.38513501859345667
2267,0.6540540714945908
2268,0.7050977690921462
2269,-1.468199806765758
2270,0.07899407694541172
2271,-0.6020331187920416
2272,0.526869181281205
2273,-0.04843330114254703
2274,0.5073489073781019
2275,0.6396260429575147
2276,-0.14748959790549845
2277,-0.17052594598990595
2278,0.2975968958727087
2279,1.1783128563207876
2280,-0.10857029403657885
2281,-0.3631825623379233
2282,0.38428631103245214
2283,0.30074923824215394
2284,1.5485918407933141
2285,-0.10638790316542449
2286,1.5299202744512155
2287,0.3504592525295592
2288,0.21221085303879353
2289,0.13549375172085282
2290,1.2544540489366183
2291,0.33869859061278285
2292,-0.4696347392753423
2293,0.6740593211468394
2294,-0.6234932956917265
2295,-0.1570678689511206
2296,-0.0160611698870904
2297,-0.00951399727362728
2298,-0.5881143147915681
2299,0.37313186880210764
2300,-0.05813281612545529
2301,-0.5881143147915681
2302,0.31323736378264855
2303,-1.4880838124807203
2304,0.6900635208686382
2305,0.33433380887047415
2306,-0.23599767212453734
2307,-0.4594502485432888
2308,-0.10990397734672862
2309,-0.1621601143171476
2310,0.10954754914157291
2311,-0.32232335547242175
2312,-0.5881143147915681
2313,-0.007937826088904625
2314,-0.4953384539800496
2315,0.8037903340432387
2316,0.631502699159329
2317,-0.02915551511401654
2318,-0.25551794602764033
2319,0.044924530567945875
2320,-0.27503821993074345
2321,-0.3459659232432608
2322,0.1137910869465953
2323,0.26534600855453844
2324,-0.45072068505867113
2325,-0.394584742095089
2326,-0.7070303684820246
2327,-0.46078393185343847
2328,-1.0100189677606242
2329,0.16022751492726917
2330,-0.49376228279532686
2331,1.1855874925579688
2332,0.06456604840833528
2333,-0.40622416007457895
2334,-0.21684113003329328
2335,-0.32850679627402596
2336,0.683516348255175
2337,0.6184083539324027
2338,1.0414284511244936
2339,0.3847578152330102
2340,0.25734390869363905
2341,0.5585138489129435
2342,0.4634343532929844
2343,0.7281341171765534
2344,-0.015333706263372188
2345,1.0243330559671175
2346,0.8491355665883351
2347,0.2830476233983461
2348,-0.375064468191986
2349,-0.9869826196762173
2350,0.5774279031296148
2351,-0.09559719274693883
2352,0.042984627571364405
2353,0.13125021391583022
2354,0.33239390587389245
2355,0.6047077890190447
2356,-1.0229920690502643
2357,0.14664819395119733
2358,0.6469006791946958
2359,0.7003692555379782
2360,0.5783978546279057
2361,0.36391732956834455
2362,0.7494730501389519
2363,0.8662309617457111
2364,0.48855609709871695
2365,1.5376798864375423
2366,0.3519141797769955
2367,0.8481656150900442
2368,0.8037903340432385
2369,0.42926781176568973
2370,-0.2800092213594841
2371,0.6786665907637208
2372,0.184112570572681
2373,0.38816611702561565
2374,-0.062255109993191324
2375,-0.6402249590372433
2376,-0.06916601441851358
2377,-0.041037420968079365
2378,0.64144470201681
2379,0.4195682967827812
2380,0.5754880001330333
2381,0.6723619060248304
2382,0.5912497119802592
2383,0.2904435035728138
2384,-0.729096765068141
2385,-0.10820656222471967
2386,-0.3274156008384487
2387,0.02613172028856096
2388,-0.2601252156445218
2389,0.16944205416103197
2390,0.295656992876127
2391,0.660601244108054
2392,0.5968269330954316
2393,0.6867899345619066
2394,-0.4121651130016104
2395,0.04734940931367307
2396,-0.4108920516601036
2397,-0.33917626275522506
2398,0.13513001990899368
2399,-0.5175867164720955
2400,-0.27964548954762497
2401,-0.335417700699348
2402,-0.2290867676992151
2403,0.08372259049957934
2404,0.5165634466118648
2405,-0.017152365322667618
2406,0.5667584366484156
2407,0.04177218819850079
2408,-0.6239176494722285
2409,-0.7089183097911976
2410,-0.770158045162453
2411,-0.01133265633292245
2412,-0.3052279603150457
2413,0.46491352932787783
2414,-0.6239176494722285
2415,-0.7089183097911976
2416,-0.770158045162453
2417,0.8558039831390847
2418,-0.2286017919500698
2419,0.31760214552495714
2420,1.2820976666379071
2421,-0.6239176494722285
2422,-0.7089183097911976
2423,-0.770158045162453
2424,-0.21647739822143425
2425,-0.1662824081848836
2426,0.040317260951064526
2427,0.6595100486724768
2428,0.3845287989070248
2429,0.15743890436968297
2430,0.2524941512021849
2431,0.6327151385321924
2432,0.8818714296556509
2433,-0.2055654438656624
2434,1.1215706936707737
2435,0.3034166048624537
2436,0.6443545565116825
2437,0.16289488154756898
2438,-0.23963499024312798
2439,0.08869359192831998
2440,0.4246605421488082
2441,0.7657197377353234
2442,0.7159577617605095
2443,0.4456357432993475
2444,-0.02588192880728489
2445,-0.4373838519571721
2446,-0.6054279490360592
2447,0.34318461629237806
2448,-0.04661464208325165
2449,-0.05740535250173725
2450,0.5172909102355829
2451,1.0946545395932028
2452,0.09718066753836464
2453,0.9045440459281993
2454,0.01715966892937082
2455,-0.07207586891338613
2456,-0.5838465281990882
2457,0.08493502987244292
2458,-0.35396802310416026
2459,0.3043865563607446
2460,0.41496102716589967
2461,0.6262606818707719
2462,1.4284390989425368
2463,1.4409272244830316
2464,0.3371224194280602
2465,0.6781816150145754
2466,1.0722244111952275
2467,0.3133586077199348
2468,0.37349560061396664
2469,0.42684293301996257
2470,0.3798002853528571
2471,0.32475553782485206
2472,0.18209183828457506
2473,0.40441280462198703
2474,0.2280028758703413
2475,0.975956724989862
2476,0.2095737974028154
2477,0.5822776606210691
2478,0.41690093016248153
2479,0.9668634296933855
2480,0.24182468472098562
2481,0.014007326559925523
2482,0.7317714352951441
2483,0.4161734665387634
2484,0.39677443657294664
2485,0.7645072983624598
2486,0.3334851013094696
2487,0.5569376777282209
2488,0.1192470641244813
2489,0.24740190583615795
2490,0.015947229556507292
2491,-0.11487497877546923
2492,0.857258910386521
2493,0.019827035549670555
2494,0.12276313830578542
2495,-0.18301407153040064
2496,0.9224881486465797
2497,0.0759629785132528
2498,0.6178021342459709
2499,-0.6387700317898071
2500,0.11476103844488611
2501,-0.3037730330676095
2502,1.0288190816467127
2503,-0.369244759202241
2504,1.231175212977638
2505,0.9675908933171036
2506,0.6064052041410536
2507,0.49207217128002123
2508,0.3861049700917475
2509,0.1907675155748431
2510,0.7726306421606456
2511,0.5499055293656124
2512,-0.15246059933423925
2513,-0.11587524125808163
2514,0.6943070586736606
2515,0.8658672299338521
2516,0.0895422994893244
2517,0.8490143226510489
2518,0.532325158459091
2519,0.6338063339677695
2520,0.693094619300797
2521,1.3000417693562876
2522,0.819309558015892
2523,-0.4594502485432886
2524,0.6569639259894634
2525,1.393278357129494
2526,-0.17125340961362404
2527,0.15028551206978805
2528,-0.3658499289582231
2529,-0.8271831103328018
2530,-0.6704146994215454
2531,0.15040675600707426
2532,0.5218981798524644
2533,0.04031726095106442
2534,-0.3270518690265896
2535,0.9232156122702978
2536,-0.4031930616424202
2537,0.9571639147104771
2538,0.8180971186430285
2539,-0.6020331187920417
2540,-0.01848604863281736
2541,0.42078073615564493
2542,1.2378436295283877
2543,-0.256366653588645
2544,-0.3778530787495721
2545,-2.028953016715147
2546,-0.5836040403245154
2547,0.8772641600387695
2548,0.1408284849614524
2549,-0.7897187337113184
2550,0.14482953489190203
2551,-0.8460971645494731
2552,-0.19344105013702692
2553,0.66472353797579
2554,0.5861574666142323
2555,0.30947880172677145
2556,0.06965829377436236
2557,0.46952079894475923
2558,0.6689670757808124
2559,0.6262606818707719
2560,1.0340325709500258
2561,0.7334688504171529
2562,-0.9511024971686085
2563,0.37264689305296206
2564,-0.17185962930005577
2565,0.034497551961319456
2566,0.3019616776150173
2567,-0.6662924055538093
2568,-1.0431185626397992
2569,-0.2603677035190946
2570,0.7482623428223353
2571,1.000205512447133
2572,0.910606242792517
2573,0.5665523219550289
2574,0.5865211984260914
2575,0.41993202859464035
2576,0.48855609709871695
2577,0.5065001998170975
2578,0.7699632755403458
2579,0.3436695920415235
2580,-1.0792492559511326
2581,0.729710288361276
2582,0.9835950930389024
2583,0.32184568332997954
2584,0.4062314636812823
2585,-0.16228135825443402
2586,0.21321111552140587
2587,0.5069851755662428
2588,-0.9354539463295164
2589,0.1642285648577189
2590,0.08311637081314764
2591,-0.8226364626845635
2592,-0.45629790617384347
2593,-0.8226364626845635
2594,-0.7012106594922793
2595,-0.3534830473550149
2596,-0.8259706709599383
2597,-0.7731083143030877
2598,-0.2795242456103386
2599,0.07159819677094392
2600,-0.126756884629532
2601,0.7400160230306162
2602,0.2282453637449139
2603,0.1879923765658444
2604,-0.0942635094367891
2605,0.3085088502284807
2606,-0.21017271348254385
2607,0.08711742074359753
2608,-0.9215108935415854
2609,0.18291289371953176
2610,-0.25430550665477697
2611,-0.12493822557023652
2612,-0.4594502485432885
2613,-0.5806941858296433
2614,-0.2522443597209088
2615,-0.31007771780649995
2616,0.6341700657796288
2617,0.3604012553870403
2618,0.41095997723545025
2619,1.121328205796201
2620,0.3664634522513581
2621,0.45521401434496944
2622,0.008793837256612431
2623,0.008793837256612431
2624,1.2365099462182378
2625,0.8698682798643018
2626,0.31893582883510707
2627,0.11560974600589065
2628,-0.11358979304023382
2629,-0.11358979304023382
2630,-1.2126175869661229
2631,0.5163209587372922
2632,0.146163218202052
2633,0.5827626363702144
2634,0.9977806337014058
2635,0.6821826649450251
2636,0.20326911266392492
2637,0.47982653361409955
2638,0.1128211354483045
2639,0.5181396177965875
2640,0.4942545621511756
2641,0.547359406682599
2642,0.783057620767272
2643,0.7985768447399254
2644,0.8823564054047963
2645,0.2835325991474914
2646,-0.07480385750232904
2647,0.4943758060884621
2648,0.601070470900454
2649,0.6079813753257761
2650,0.22824536374491391
2651,0.10857759764328208
2652,0.6401110187066601
2653,-0.17816431403894636
2654,0.5988880800292996
2655,-0.430836679343709
2656,0.9544965480901773
2657,0.3214819515181206
2658,0.7791778147741087
2659,0.33487940658826276
2660,-0.1341285160165423
2661,-0.1659186763730245
2662,0.19914681879618878
2663,0.1571964164951103
2664,0.6336850900304832
2665,0.6121036691935121
2666,-0.21162764072998014
2667,1.6506792359884248
2668,0.5922196634785502
2669,0.4570326734042649
2670,0.14288963189532047
2671,0.01958454767509782
2672,-0.6875100945789214
2673,0.4252667618352399
2674,0.5745180486347423
2675,0.05923131516773572
2676,0.8262204624412143
2677,0.0043078115770172065
2678,0.5575438974146526
2679,-0.034732736229188876
2680,0.05717016823386785
2681,0.3739805763631121
2682,0.9969319261404013
2683,0.5570589216655073
2684,1.0017816836318556
2685,0.1470119257630565
2686,1.0306377407060079
2687,0.2698320342341335
2688,0.23648995148038615
2689,0.6198632811798389
2690,-0.047705837518828786
2691,1.0444595495566524
2692,0.11645845356689515
2693,0.11294237938559087
2694,1.1087188363184202
2695,-0.012787583580358758
2696,0.7246180429952491
2697,0.2903222596355274
2698,0.7953032584331938
2699,0.7413497063407661
2700,0.7078863796497322
2701,0.9378861286819467
2702,-1.4187322803529252
2703,0.8236743397582007
2704,0.581550196997351
2705,-1.1496919835145045
2706,-0.9216442618726004
2707,-1.2580840634485058
2708,-0.9315741403363532
2709,-0.049391128247109256
2710,-0.0936572897503572
2711,-1.1296867338622563
2712,-0.2501832127870409
2713,-1.2201347110778764
2714,-1.039966220270354
2715,-0.5674785966654305
2716,-0.8694972444457396
2717,-0.4990970160359266
2718,-0.6350114697339299
2719,-0.7009681716177065
2720,0.37119196580552594
2721,0.03954938268158422
2722,0.03954938268158422
2723,0.03954938268158422
2724,-0.8328815753852608
2725,-0.9129025739942547
2726,1.6865674414251857
2727,-0.2746744881188844
2728,-0.2688547791291396
2729,0.6348455677159383
2730,-0.45702536979756175
2731,-0.3188072812911174
2732,0.12543050492608543
2733,0.44163469336889777
2734,-0.1544005023308207
2735,0.5745180486347423
2736,0.2782463634818064
2737,0.28062274465261905
2738,1.2321451644759291
2739,-0.27903926986119315
2740,1.2168684283778484
2741,1.419588291520633
2742,0.6933371071753698
2743,0.8669584253694294
2744,-0.09472423639847707
2745,0.6816976891958797
2746,0.6713919545265395
2747,0.88223516146751
2748,0.26376983736981574
2749,0.1609549785509873
2750,0.8262204624412144
2751,0.33487940658826276
2752,-0.44878078206208927
2753,0.7879073782587263
2754,0.8229468761344827
2755,0.37671159605048715
2756,0.7317714352951441
2757,0.29286838231854084
2758,0.13561499565813914
2759,0.3239068302638476
2760,-0.12566568919395485
2761,-0.20762659079953039
2762,0.5574226534773663
2763,-0.42659314153868655
2764,-0.6123388534613816
2765,-1.170545940727758
2766,-1.4971771077771967
2767,-1.44019245725261
2768,-0.17998297309824168
2769,-0.9075678407536549
2770,-1.3901187111533457
2771,-0.3420861172500977
2772,-0.19622966069461312
2773,-2.1385575360220117
2774,-2.1385575360220117
2775,-0.4248957264166775
2776,-1.6278780721718868
2777,-0.2535780430310588
2778,-1.4175198409800618
2779,0.16387759556557413
2780,-1.268753529929705
2781,-1.936201404691086
2782,-0.5833615524499431
2783,-0.43447399746229964
2784,-0.7121226138480514
2785,-0.868284805072876
2786,-0.8979895697080329
2787,-0.7476470874729533
2788,-0.05401052225771916
2789,-0.6713846509198362
2790,-0.663018819247078
2791,-0.4429610730723444
2792,-0.7756544369861014
2793,-1.2112839036559726
2794,-0.8286380375802384
2795,-0.187851704628126
2796,-0.6953909505025345
2797,-0.450356953246812
2798,-1.0751269620833968
2799,-0.7956596866383497
2800,-0.581664137327934
2801,-0.49752084485120385
2802,0.4504855007908018
2803,0.5222619116643237
2804,0.04819811687467762
2805,1.0753767535646728
2806,-0.3922811072866482
2807,-0.7009681716177071
2808,-0.266672388257985
2809,-0.3339627734519118
2810,-0.5942735068057148
2811,-0.2823128561679247
2812,0.29953679886929047
2813,-0.2028980772453626
2814,0.136221215344571
2815,0.2520091754530394
2816,-0.41991260059420826
2817,0.754686539442265
2818,-0.183862779091405
2819,-0.22532820564333828
2820,0.11476103844488611
2821,0.7786928390249633
2822,-0.4162874068693463
2823,0.026252964225847275
2824,-0.05970898731017777
2825,-0.32256584334699445
2826,1.5141585626039895
2827,0.3028103851760219
2828,0.4489093296060791
2829,0.2076338944062336
2830,0.6037378375207538
2831,0.40768639092871856
2832,0.35094422827870475
2833,0.22618421681104606
2834,0.1875074008166988
2835,-0.44781083056379856
2836,0.8977543854401634
2837,-0.6517431330794468
2838,1.5154922459141396
2839,0.7120086735174683
2840,0.9234581001448704
2841,0.23164019398893196
2842,0.842224662163013
2843,0.8640485708745567
2844,1.6327351332700442
2845,0.408171366677864
2846,0.16146016162301366
2847,0.71394857651405
2848,0.8461044681561763
2849,1.022150665095963
2850,-0.01860729257010378
2851,0.8478018832781853
2852,0.7295890444239898
2853,0.8337375865529683
2854,0.908908827670508
2855,-0.11802732114491449
2856,0.4861312183529898
2857,0.7209807248766587
2858,-0.01424251082779502
2859,0.17635295858635425
2860,0.8184608504548875
2861,0.20824011409266552
2862,-0.7556491873338526
2863,-0.3127450844267997
2864,0.28304762339834616
2865,0.3509442282787047
2866,-0.7258231787614093
2867,0.39689568051023305
2868,0.21405982308241034
2869,0.6627836349792084
2870,0.7904535009417396
2871,0.5468744309334534
2872,-0.10553919560442002
2873,0.8014866992347979
2874,0.10196980306117578
2875,0.340759737546651
2876,-0.14009371773103102
2877,0.3824676519731568
2878,-0.1816803882202506
2879,0.2276391440584822
2880,0.931096468193911
2881,0.6521141684980092
2882,0.06298987722361285
2883,-0.16919226267975607
2884,-0.8614951445848401
2885,0.5999792754648768
2886,0.2955357489388407
2887,0.17792912977107683
2888,-0.7014531473668522
2889,-0.4710896665227786
2890,-0.2603677035190946
2891,0.41884083315906323
2892,-0.27285582905958916
2893,-0.020425951629399003
2894,0.21557537229849005
2895,-0.10566043954170634
2896,0.38258889591044326
2897,0.42211441946579475
2898,0.543964576438581
2899,0.4647922853905915
2900,0.1448295348919021
2901,0.0597162909168813
2902,0.15840885586797387
2903,0.6710282227146804
2904,1.598059367206147
2905,2.208401347505655
2906,1.8082963544606852
2907,2.0338100778133046
2908,1.9998617753731254
2909,1.985312502898763
2910,1.9804627454073092
2911,1.975612987915855
2912,1.9343900492384942
2913,1.9707632304244005
2914,1.9659134729329464
2915,1.9610637154414923
2916,1.9610637154414923
2917,1.9368149279842213
2918,1.9368149279842213
2919,1.9271154130013128
2920,1.9271154130013128
2921,1.9125661405269503
2922,1.9077163830354962
2923,1.8543690506295003
2924,1.8349700206636834
2925,1.8107212332064124
2926,1.8010217182235044
2927,1.522160662464889
2928,1.4300152701272597
2929,1.7379748708346
2930,1.7282753558516915
2931,1.657953872225606
2932,1.7234255983602373
2933,1.4688133300588928
2934,1.7137260833773291
2935,1.4336525882458502
2936,1.4991243143804818
2937,1.660378750971333
2938,1.636129963514062
2939,1.631280206022608
2940,1.33786987778963
2941,1.6264304485311538
2942,0.9220031728974343
2943,1.6118811760567913
2944,1.5973319035824287
2945,1.4881719453789475
2946,1.577932873616612
2947,1.5051865112447995
2948,1.548834328667887
2949,1.4372899063644407
2950,1.5148860262277075
2951,1.4954869962618909
2952,1.4906372387704367
2953,1.4809377237875285
2954,1.4760879662960742
2955,1.4615386938217116
2956,1.4615386938217116
2957,1.4518391788388034
2958,1.446989421347349
2959,1.14630445687719
2960,1.2808852272650437
2961,1.4324401488729865
2962,1.4991243143804818
2963,1.4130411189071699
2964,1.0602212614038784
2965,1.3851550133313082
2966,1.3839425739584448
2967,1.3790928164669907
2968,1.359693786501174
2969,1.0879861230424535
2970,1.2312444952275161
2971,1.359693786501174
2972,1.3499942715182656
2973,1.3499942715182656
2974,0.9686820887526806
2975,1.345144514026811
2976,1.3451445140268112
2977,1.3415071959082208
2978,1.3111962115866322
2979,1.3014966966037238
2980,1.3014966966037238
2981,1.3257454840609948
2982,1.4651760119403021
2983,1.2578488791806361
2984,1.2578488791806361
2985,1.248149364197728
2986,1.1286028420333825
2987,1.1751605139513424
2988,1.2384498492148195
2989,1.0018726165848202
2990,1.223900576740457
2991,1.3669684227383554
2992,1.3208957265695405
2993,1.2142010617575487
2994,0.9620136722019312
2995,1.0359724739466074
2996,1.2080176209559443
2997,1.0868949276068764
2998,1.1851025168088234
2999,1.1802527593173693
3000,1.1754030018259152
3001,1.1560039718600985
3002,0.7932421114993258
3003,1.1511542143686442
3004,1.080711486805272
3005,0.7583238575608559
3006,1.122055669419919
3007,1.2930096209936788
3008,1.1123561544370106
3009,1.1026566394541024
3010,0.7389248275950391
3011,1.1026566394541024
3012,1.1026566394541024
3013,1.0978068819626483
3014,1.0735580945053775
3015,1.2639110760449541
3016,1.092957124471194
3017,1.0845912927984354
3018,1.0832576094882855
3019,1.0177858833536542
3020,1.0832576094882855
3021,1.0687083370139232
3022,0.36003752357518126
3023,1.130542745029964
3024,0.8771429161014831
3025,1.0541590645395607
3026,1.2226881373675933
3027,1.1632786080972797
3028,1.0444595495566524
3029,1.0444595495566524
3030,1.0444595495566524
3031,0.4624886505821509
3032,1.039609792065198
3033,0.7630523711150237
3034,0.9753505053034301
3035,1.0299102770822897
3036,0.8111862142177062
3037,1.0299102770822897
3038,1.0299102770822897
3039,1.0129361258622
3040,0.8670796693067158
3041,1.0626461401496055
3042,1.0153610046079273
3043,0.9765629446762938
3044,1.005661489625019
3045,1.0008117321335646
3046,0.9959619746421106
3047,0.9995992927607011
3048,0.9765629446762938
3049,0.9765629446762937
3050,0.816520947458306
3051,0.9717131871848397
3052,0.8541065680170757
3053,0.9620136722019312
3054,0.8844175523386644
3055,0.957163914710477
3056,0.9426146422361145
3057,0.6673909045960899
3058,0.7115236977683229
3059,0.7397735351560435
3060,0.9135160972873895
3061,0.9086663397959353
3062,0.9086663397959353
3063,0.6761204680807074
3064,0.7537165879439742
3065,1.0141485652350637
3066,0.8941170673215728
3067,0.8892673098301186
3068,0.8892673098301186
3069,0.8795677948472103
3070,0.8383448561698497
3071,0.8650185223728477
3072,0.8650185223728477
3073,0.8601687648813935
3074,0.8601687648813935
3075,0.8553190073899394
3076,0.850469249898485
3077,0.8504692498984852
3078,0.7437745850864932
3079,0.709826282646314
3080,0.859320057320389
3081,-0.5124885277758096
3082,0.7134636007649047
3083,0.8262204624412143
3084,0.6854562512517568
3085,0.8001530159246482
3086,0.82137070494976
3087,0.8165209474583058
3088,0.6540540714945909
3089,0.8116711899668517
3090,0.8662309617457112
3091,0.6790303225755798
3092,0.7971219174924892
3093,0.6670271727842307
3094,0.8031841143568068
3095,0.7777228875266724
3096,0.7777228875266724
3097,0.7728731300352183
3098,0.7680233725437642
3099,0.76317361505231
3100,0.6043440572071855
3101,0.76317361505231
3102,0.76317361505231
3103,0.7583238575608557
3104,0.7534741000694016
3105,0.7534741000694016
3106,0.7631736150523099
3107,0.7389248275950391
3108,0.7389248275950391
3109,0.6830313725060296
3110,0.7425621457136297
3111,1.0299102770822899
3112,1.010511247116473
3113,0.7049765251548598
3114,0.7049765251548598
3115,0.7049765251548598
3116,0.6198632811798389
3117,0.38004277322742974
3118,1.0373061572567575
3119,0.6952770101719514
3120,0.6904272526804972
3121,0.6904272526804972
3122,0.6904272526804972
3123,-0.016667389573522068
3124,0.6904272526804972
3125,0.7777228875266724
3126,0.685577495189043
3127,0.685577495189043
3128,0.7195257976292223
3129,0.6807277376975889
3130,0.6164684509358209
3131,0.7449870244593567
3132,0.6661784652232263
3133,0.5643335579026886
3134,0.6661784652232263
3135,0.6661784652232263
3136,0.13876733802758437
3137,0.6661784652232263
3138,0.46370108995501425
3139,0.6613287077317721
3140,0.6564789502403179
3141,0.850469249898485
3142,0.6516291927488639
3143,0.4346025450062893
3144,0.6467794352574097
3145,0.6467794352574097
3146,0.6467794352574097
3147,0.6370799202745013
3148,0.7352875094764484
3149,0.6233793553611432
3150,0.7877861343214398
3151,0.6176808903086846
3152,0.6176808903086846
3153,0.2532822367945462
3154,0.2915346990083909
3155,0.5752455122584604
3156,0.643142117138819
3157,0.5982818603428678
3158,0.5982818603428678
3159,0.6443545565116825
3160,0.6407172383930918
3161,0.5885823453599595
3162,0.5813077091227782
3163,0.5885823453599595
3164,0.5449345279368719
3165,0.5837325878685052
3166,0.15452904987481042
3167,0.6237430871730023
3168,0.5788828303770511
3169,0.5788828303770511
3170,0.5691833153941427
3171,0.1993893066707616
3172,0.4600637718364237
3173,-0.5124885277758096
3174,0.5594838004112344
3175,0.8349500259258317
3176,0.6071326677647717
3177,0.5449345279368718
3178,0.5400847704454176
3179,0.6589038289860449
3180,0.5352350129539635
3181,0.5255354979710551
3182,0.576457951631324
3183,0.20666394290794282
3184,0.3322726619366061
3185,0.427327908769108
3186,0.6528416321217274
3187,0.6368374323999286
3188,0.4600637718364237
3189,0.5109862254966926
3190,0.5109862254966926
3191,0.2365707807719103
3192,0.5109862254966926
3193,0.5109862254966926
3194,0.5109862254966926
3195,0.371555697617385
3196,0.5061364680052385
3197,0.33518251643147856
3198,0.5012867105137843
3199,0.6041015693326128
3200,0.4915871955308759
3201,0.5445707961250128
3202,0.4915871955308759
3203,0.4867374380394217
3204,0.4770379230565133
3205,0.47218816556505916
3206,0.5813077091227782
3207,0.2082112464885497
3208,0.18726491294212616
3209,0.44308962061633406
3210,0.44308962061633406
3211,0.8731418661710333
3212,0.3242705620757067
3213,0.43823986312488
3214,0.43823986312488
3215,0.5740330728855969
3216,0.2710444736069971
3217,0.42247815127765387
3218,0.4856462426038446
3219,0.42369059065051734
3220,0.41884083315906323
3221,0.4527891355992424
3222,0.41399107566760895
3223,0.31457104709279843
3224,0.523110619225328
3225,0.40429156068470057
3226,0.3994418031932465
3227,0.3994418031932465
3228,0.39459204570179224
3229,0.39459204570179224
3230,0.2891098202626639
3231,0.38974228821033813
3232,0.38489253071888385
3233,-0.11099517278230595
3234,0.3800427732274298
3235,0.3800427732274298
3236,0.3703432582445214
3237,0.34973178890584117
3238,0.3703432582445214
3239,0.36549350075306714
3240,0.3942283138899331
3241,0.36549350075306714
3242,0.4312077147622712
3243,0.47825036242937685
3244,0.360643743261613
3245,0.09390708123163308
3246,0.2733481084154378
3247,0.5170484223610102
3248,0.3812552126002934
3249,0.33639495580434225
3250,0.5643335579026887
3251,-0.3068079022442294
3252,0.2789253295306102
3253,0.3594313038887495
3254,0.3169959258385255
3255,0.3169959258385255
3256,0.3169959258385255
3257,0.3121461683470712
3258,0.3121461683470712
3259,0.30729641085561715
3260,0.30729641085561715
3261,0.3999267789423919
3262,0.1436170955190385
3263,0.30243318181557544
3264,0.30243318181557544
3265,0.2532822367945462
3266,0.29759689587270877
3267,0.29759689587270877
3268,0.07814536938440717
3269,0.29759689587270877
3270,0.2927471383812545
3271,0.2927471383812545
3272,0.2878973808898004
3273,0.2878973808898004
3274,0.2878973808898004
3275,0.2878973808898004
3276,0.2830476233983461
3277,0.15089173175621975
3278,0.2830476233983461
3279,0.2503117603310304
3280,0.25758639656821164
3281,0.11936830806176754
3282,-0.2273893525772062
3283,0.2284878516194866
3284,0.2636485934325294
3285,0.08178268750299772
3286,0.11003252489071827
3287,0.2587988359410753
3288,0.21272613977226057
3289,0.29262589444396814
3290,0.253949078449621
3291,0.22970029099235015
3292,0.047834385062818535
3293,0.12700667611080796
3294,0.22485053350089612
3295,0.22000077600944185
3296,0.22000077600944185
3297,0.21515101851798776
3298,0.21030126102653346
3299,0.16416794288907557
3300,0.21030126102653346
3301,0.28426006277120974
3302,0.2006017460436251
3303,0.19575198855217102
3304,0.18847735231498966
3305,0.2082112464885497
3306,0.2454620028395763
3307,0.18605247356926266
3308,0.13137145785311674
3309,0.18120271607780836
3310,-0.03218661354617555
3311,0.18120271607780836
3312,0.23091273036521376
3313,0.1666534436034458
3314,0.2365707807719103
3315,-0.04115866490536572
3316,0.16665344360344592
3317,0.16665344360344592
3318,0.16180368611199164
3319,0.12543050492608532
3320,0.033285112588455956
3321,0.18968979168785316
3322,0.1424046561461749
3323,0.2478868815853034
3324,0.13755489865472081
3325,0.13270514116326654
3326,0.13270514116326654
3327,-0.0706116152092355
3328,0.12785538367181246
3329,0.12300562618035817
3330,0.11815586868890408
3331,-0.016424901698949366
3332,0.014856034120929965
3333,-0.3068079022442294
3334,0.10845635370599573
3335,0.15525651349852862
3336,0.08857234799103364
3337,0.07426556339124385
3338,0.23333760911094092
3339,0.14119221677331148
3340,0.07935780875727062
3341,-0.9245419919737444
3342,0.02431306122926577
3343,0.18968979168785333
3344,0.06965829377436236
3345,0.06480853628290818
3346,0.11330611119744985
3347,0.05510902129999981
3348,0.01667469318022542
3349,0.5097737861238291
3350,0.05025926380854553
3351,0.045409506317091446
3352,-0.20192812574707175
3353,0.040559748825637156
3354,-0.07583443096926311
3355,0.02594985438263151
3356,0.06480853628290811
3357,0.16665344360344592
3358,0.09269464185876959
3359,0.021160718859820418
3360,0.2309127303652137
3361,0.10845635370599571
3362,-0.003088068597450391
3363,-0.012787583580358758
3364,0.001155469207572033
3365,-0.012787583580358758
3366,-0.5124885277758096
3367,-0.017637341071812834
3368,-0.017637341071812834
3369,-0.19344105013702698
3370,-0.14736835396821227
3371,0.011946179626057526
3372,0.023100621856402232
3373,-0.11099517278230595
3374,-0.037036371037629565
3375,-0.049544703901005155
3376,0.09087598279947431
3377,-0.049544703901005155
3378,0.05632146067286333
3379,-0.06613491598635467
3380,-0.10493297591798814
3381,-0.04067368915622034
3382,-0.07098467347780896
3383,-0.07583443096926304
3384,-0.3474208504906971
3385,0.3776178944817027
3386,-0.1765881428542237
3387,-0.05643540100344642
3388,-0.0855339459521714
3389,0.0635960969100446
3390,-0.0855339459521714
3391,-0.10008321842653406
3392,-0.03303532110717999
3393,-0.20023071062506287
3394,-0.12190712713807778
3395,-0.1146324909008965
3396,-0.09038370344362569
3397,-0.12433200588380487
3398,-0.12918176337525916
3399,-0.07947174908785382
3400,-0.13403152086671324
3401,-0.1388812783581673
3402,-0.07813806577770371
3403,-0.1388812783581673
3404,-0.1437310358496216
3405,-0.1437310358496216
3406,-0.1437310358496216
3407,-0.7852327080317232
3408,0.20569399140965203
3409,-0.14858079334107568
3410,-0.22496447383147905
3411,-0.15828030832398404
3412,-0.16313006581543835
3413,-0.0758344309692631
3414,0.2082112464885497
3415,-0.23878628268212349
3416,-0.1679798233068924
3417,-0.8530080689747952
3418,-0.2746744881188845
3419,-0.18737885327270912
3420,-0.18737885327270914
3421,-0.22496447383147916
3422,-0.19222861076416345
3423,0.15525651349852862
3424,-0.15100567208680288
3425,-0.19222861076416345
3426,-0.5973998683314559
3427,-0.2019281257470718
3428,-0.11099517278230595
3429,-0.20674757225420431
3430,-0.039946225532502135
3431,-0.1485807933410757
3432,-0.16555494456116548
3433,-0.22132715571288855
3434,-0.3068079022442294
3435,-0.22375203445861552
3436,-0.24557594317015935
3437,-0.24557594317015932
3438,-0.25527545815306774
3439,-0.11584493027375997
3440,0.010248764504048685
3441,-0.26497497313597607
3442,-0.26497497313597607
3443,-0.2673998518817032
3444,-0.4031930616424202
3445,-0.2892237605932469
3446,-0.1376688389853038
3447,-0.11026770915858776
3448,-0.2989232755761553
3449,-0.2989232755761553
3450,-0.02491197730899422
3451,-0.18495397452698215
3452,-0.004300507970313901
3453,-0.3086227905590636
3454,-0.5124885277758096
3455,-0.318322305541972
3456,-0.32317206303342627
3457,-0.32317206303342627
3458,-0.33287157801633466
3459,-0.5473521030758957
3460,-0.13524396023957672
3461,-0.19707836825561748
3462,-0.04916076476626517
3463,-0.016909877448094843
3464,-0.3413586536263794
3465,-0.38500647104946695
3466,-0.0928085821893528
3467,-0.3522706079821514
3468,-0.3571203654736055
3469,-0.3668198804565138
3470,-0.3765193954394222
3471,-0.3765193954394222
3472,-0.3862189104223306
3473,-0.3862189104223306
3474,-0.39106866791378464
3475,-0.33165913864347096
3476,-0.400768182896693
3477,-0.11584493027376004
3478,-0.3959184254052389
3479,-0.538986271403137
3480,-0.42016721286250974
3481,0.035709991334183025
3482,-0.4638150302855975
3483,-0.7707474254131506
3484,-0.47351454526850584
3485,-0.47836430275995995
3486,-0.5983958006734509
3487,-0.4832140602514142
3488,-0.7244894954512595
3489,-0.37773183481228584
3490,-0.49776333272577666
3491,-0.49776333272577666
3492,-0.5074628477086848
3493,-0.37530695606655873
3494,-0.5862714069448153
3495,-0.6335565424864936
3496,-0.5365613926574101
3497,-0.0706116152092355
3498,-0.5462609076403183
3499,-0.39470598603237544
3500,-0.323414550907999
3501,-0.5559604226232269
3502,-0.5559604226232269
3503,-0.565659937606135
3504,-0.5886962856905424
3505,-0.5705096950975895
3506,-0.5753594525890436
3507,-0.5753594525890436
3508,-0.5886962856905427
3509,-0.6408311787236751
3510,-0.6160974155172588
3511,-0.5232245595559111
3512,-0.29286107871183753
3513,-0.6153699518935404
3514,-0.5899087250634063
3515,-0.5899087250634063
3516,-0.5947584825548603
3517,-0.5996082400463144
3518,-0.4201672128625098
3519,-0.6044579975377685
3520,-0.6044579975377685
3521,-0.9269668707194716
3522,-0.6141575125206771
3523,-0.6141575125206771
3524,-0.5473521030758957
3525,-0.6784167992824449
3526,-0.30619791181333655
3527,-0.5111001658272755
3528,-0.6384062999779478
3529,-0.6068828762834957
3530,-0.2455759431701593
3531,-0.9875888393626486
3532,-0.6675048449266727
3533,-0.6675048449266727
3534,-0.5769760384195284
3535,-0.49339855098346785
3536,-0.7026655867397158
3537,-0.5426235895217278
3538,-0.6160974155172588
3539,-0.9136300376179727
3540,-0.691753632383944
3541,-0.691753632383944
3542,-0.7063029048583063
3543,-0.7063029048583063
3544,-0.7111526623497607
3545,-0.7160024198412148
3546,-0.752375601027121
3547,-0.7208521773326689
3548,-0.49533845398004944
3549,-0.6316166394899121
3550,-0.7402512072984856
3551,-0.35590792610074184
3552,-0.7596502372643024
3553,-0.7644999947557565
3554,-1.4301292104578427
3555,-0.7741995097386651
3556,-0.7707474254131506
3557,-0.7887487822130272
3558,-0.7887487822130272
3559,-0.7935985397044818
3560,-0.5086752870815486
3561,-0.3068079022442294
3562,-0.5973998683314559
3563,-1.125806927869093
3564,-0.7220646167055325
3565,-0.8772568564320661
3566,-0.8178473271617526
3567,-0.5124885277758096
3568,-0.5973998683314559
3569,-0.8372463571275693
3570,-0.8372463571275693
3571,-0.789961221585891
3572,-0.8420961146190233
3573,-0.856645387093386
3574,-0.8360339177547056
3575,-0.8566453870933859
3576,-0.8711946595677482
3577,-1.0102210409894348
3578,-0.9148424769908362
3579,-1.0360864142771906
3580,-0.934241506956653
3581,-0.939091264448107
3582,-0.9439410219395611
3583,-0.9439410219395611
3584,-0.7244894954512595
3585,-0.9584902944139237
3586,-0.9584902944139237
3587,-0.968189809396832
3588,-0.9730395668882864
3589,-0.9875888393626486
3590,-0.9972883543455573
3591,-0.8154224484160255
3592,-0.9842806119309782
3593,-0.9739488964179337
3594,-0.8014793956280944
3595,-1.0263868992942822
3596,-0.6990282686211251
3597,-0.8396712358732965
3598,-0.8918061289064286
3599,-0.9851639606169216
3600,-1.0748844742088242
3601,-0.7826865853487098
3602,-1.0421486111415081
3603,-1.0894337466831865
3604,-1.0518481261244166
3605,-1.2203771989524494
3606,-1.1136825341404573
3607,-1.1136825341404573
3608,-1.1185322916319118
3609,-1.1185322916319118
3610,-1.1282318066148198
3611,-1.133081564106274
3612,-1.1524805940720906
3613,-1.1273830990538154
3614,-0.7707474254131506
3615,-1.176729381529362
3616,-0.800873175941663
3617,-1.181579139020816
3618,-1.4495282404236591
3619,-1.205827926478087
3620,-1.2106776839695408
3621,-0.64398352109312
3622,-1.2300767139353577
3623,-0.7885062943384548
3624,-1.085796428564596
3625,-1.2446259864097202
3626,-1.293123561324262
3627,-1.293123561324262
3628,-1.2979733188157163
3629,-1.3028230763071704
3630,-0.3068079022442294
3631,-1.879944217790218
3632,-1.0676098379716428
3633,-1.2931235613242618
3634,-1.3804191961704375
3635,-1.4677148310166126
3636,-1.5683472989642866
3637,-1.4774143459995206
3638,-0.5124885277758096
3639,-1.5356114358969708
3640,-1.2894862432056715
3641,-1.5647099808456961
3642,-1.5986582832858753
3643,-1.593808525794421
3644,-1.4749894672537935
3645,-1.6083577982687838
3646,-1.6083577982687838
3647,-1.6326065857260545
3648,-1.6374563432175087
3649,-1.642306100708963
3650,-1.6447309794546898
3651,-1.6956534331149589
3652,-1.3549579693403027
3653,-1.7393012505380463
3654,-1.7441510080295008
3655,-1.7441510080295008
3656,-1.4749894672537938
3657,-1.1051954585304125
3658,-1.5671348595914232
3659,-1.8556954303329467
3660,-2.115157456125745
3661,-1.8387212791128573
3662,-1.9332915501962136
3663,-1.961177655772075
3664,-2.0060379125680265
3665,-2.049685729991114
3666,-2.264287498987961
3667,-1.6968658724878223
3668,-2.0884837899227477
3669,-2.107882819888564
3670,-2.116369895498609
3671,-2.2945984833095503
3672,-2.1418311223287434
3673,-2.1563803948031057
3674,-2.1563803948031057
3675,-2.2206396815648737
3676,-2.3042979982924585
3677,-2.358857770071318
3678,-2.3406711794783646
3679,-2.3503706944612732
3680,-2.3988682693758148
3681,-2.3988682693758148
3682,-1.604720480150193
3683,-2.4376663293074485
3684,-2.341883618851228
3685,-2.5298117216450775
3686,-2.147893319193061
3687,-1.7999232191812236
3688,-2.460702677391856
3689,-2.585583932796801
3690,-1.7744619923510898
3691,-2.825646928623783
3692,-2.7092527488288822
3693,-2.5601227059666662
3694,-2.785636429319286
3695,-4.193278541213861
3696,1.990162260390217
3697,1.4191033157714876
3698,1.9610637154414923
3699,1.9562139579500377
3700,1.9513642004585836
3701,1.3752130104738272
3702,1.6458294784969705
3703,1.9089288224083598
3704,1.9077163830354962
3705,1.8980168680525877
3706,1.8216331875621845
3707,1.682202659682877
3708,1.7816226882576875
3709,1.6046065398196099
3710,1.689477295920058
3711,1.1450920175043267
3712,1.6264304485311538
3713,1.1681283655887338
3714,1.6749280234456956
3715,1.3815176952127177
3716,1.5876323885995205
3717,1.461296205947139
3718,1.446989421347349
3719,1.2542115610620455
3720,1.4324401488729865
3721,1.4227406338900783
3722,1.4130411189071699
3723,1.388792331449899
3724,1.359693786501174
3725,1.335444999043903
3726,1.2723981516549987
3727,1.3730306196026727
3728,1.248149364197728
3729,1.248149364197728
3730,1.248149364197728
3731,1.248149364197728
3732,1.24208716733341
3733,1.2469369248248643
3734,1.2384498492148195
3735,1.2093513042660944
3736,1.1899522743002777
3737,0.9878386308439248
3738,1.1754030018259152
3739,1.1511542143686442
3740,1.1511542143686442
3741,0.9401897634903874
3742,0.4860099744157035
3743,1.1414546993857357
3744,0.9098787791687989
3745,1.1244805481656461
3746,1.0541590645395607
3747,1.0541590645395607
3748,1.1075063969455565
3749,1.0444595495566524
3750,1.039609792065198
3751,1.0299102770822897
3752,1.0820451701154221
3753,1.0299102770822897
3754,1.0008117321335646
3755,0.8722931586100289
3756,0.986262459659202
3757,1.0456719889295156
3758,0.4570326734042648
3759,1.0323351558280167
3760,0.957163914710477
3761,0.9923246565235199
3762,1.0177858833536544
3763,0.9280653697617519
3764,0.8395572955427132
3765,0.8844175523386644
3766,0.5697606674764587
3767,0.8844175523386644
3768,0.8795677948472103
3769,0.3169353038698822
3770,0.8553190073899394
3771,0.8457060952193785
3772,0.8407697349155768
3773,0.8310702199326684
3774,0.8310702199326684
3775,0.82137070494976
3776,0.82137070494976
3777,0.8116711899668517
3778,0.7805114980842586
3779,0.8783553554743466
3780,0.16459229666957775
3781,0.7825726450181266
3782,0.7825726450181266
3783,0.7583238575608556
3784,0.7583238575608557
3785,0.7534741000694016
3786,0.5776703910041876
3787,0.7891198176315899
3788,0.7389248275950391
3789,0.7292253126121306
3790,0.7292253126121306
3791,0.8104587505939882
3792,0.7243755551206765
3793,0.7146760401377681
3794,0.7146760401377681
3795,0.38125521260029327
3796,0.7049765251548598
3797,0.5345075493302454
3798,0.7401372669679025
3799,0.5924621513531227
3800,0.6661784652232263
3801,0.6661784652232263
3802,0.6661784652232263
3803,0.6661784652232263
3804,0.6613287077317721
3805,0.6516291927488639
3806,0.6467794352574097
3807,0.6880023739347702
3808,0.6370799202745013
3809,0.6273804052915929
3810,0.5546340429197801
3811,0.5153510072390013
3812,0.5697606674764587
3813,0.6140435721900939
3814,0.5449345279368718
3815,0.5449345279368718
